label,pair,seed,n,C_new,C_new_lo,C_new_hi,C_old,C_old_lo,C_old_hi,dC,dC_lo,dC_hi,dC_excl_0,opt_C_new,opt_C_old,HR_new,HR_new_lo,HR_new_hi,p_new,HR_old,HR_old_lo,HR_old_hi,p_old,NRI,NRI_lo,NRI_hi,IDI,IDI_lo,IDI_hi,NRI_excl_0,chi2_new,p_lr_new,chi2_old,p_lr_old,AUC_new_12m,AUC_old_12m,AUC_new_24m,AUC_old_24m,AUC_new_36m,AUC_old_36m,AUC_new_60m,AUC_old_60m
PFS,mStage vs ajcc8th,42,129,0.696489889355208,0.6299175051382789,0.7617015581384396,0.634586035864174,0.5556263548896172,0.7137153966894977,0.061903853491034,0.0131469609100905,0.1153072638994669,True,0.6960769392320201,0.6343442002159912,1.897900617134806,1.3762015780979466,2.617368567109952,9.338737696322392e-05,0.9614489450055396,0.687004895287732,1.345527637710811,0.8186683110942442,1.0737327188940091,0.1004601030623595,1.361948795884966,0.1491814875826851,0.0509928047261088,0.2646045675354286,True,34.37145904814409,1.6538518009972925e-07,17.53385883364406,0.0015216997884159,0.7677953859436173,0.6751353237199396,0.8278255779895073,0.7011399353291383,0.727413145596922,0.6821409511686288,0.7356727292580881,0.6658565676414955
PFS,mStage vs ajcc8th,123,129,0.696489889355208,0.6299455508083363,0.7600597568748862,0.634586035864174,0.556592745091079,0.7094280799856307,0.061903853491034,0.0110136981630712,0.1148811775679062,True,0.6996324775837647,0.6394821544104597,1.897900617134806,1.3762015780979466,2.617368567109952,9.338737696322392e-05,0.9614489450055396,0.687004895287732,1.345527637710811,0.8186683110942442,1.0737327188940091,0.0186472227155137,1.334206462342599,0.1491814875826851,0.0478557028405473,0.2600333748110649,True,34.37145904814409,1.6538518009972925e-07,17.53385883364406,0.0015216997884159,0.7677953859436173,0.6751353237199396,0.8278255779895073,0.7011399353291383,0.727413145596922,0.6821409511686288,0.7356727292580881,0.6658565676414955
PFS,mStage vs ajcc8th,2026,129,0.696489889355208,0.632828683942732,0.7574685129392342,0.634586035864174,0.558671936274813,0.7120722582293822,0.061903853491034,0.0104670248154423,0.1137569987631138,True,0.6955359601923627,0.6321114812234105,1.897900617134806,1.3762015780979466,2.617368567109952,9.338737696322392e-05,0.9614489450055396,0.687004895287732,1.345527637710811,0.8186683110942442,1.0737327188940091,0.1391929563492063,1.361589828114259,0.1491814875826851,0.0504315315133066,0.2846800191577401,True,34.37145904814409,1.6538518009972925e-07,17.53385883364406,0.0015216997884159,0.7677953859436173,0.6751353237199396,0.8278255779895073,0.7011399353291383,0.727413145596922,0.6821409511686288,0.7356727292580881,0.6658565676414955
PFS,mStage vs ajcc8th,777,129,0.696489889355208,0.6293653259654156,0.7591010062470154,0.634586035864174,0.5564789335290161,0.7140366521432179,0.061903853491034,0.010091800073787,0.1150384120986956,True,0.6968135166957283,0.6366930600852018,1.897900617134806,1.3762015780979466,2.617368567109952,9.338737696322392e-05,0.9614489450055396,0.687004895287732,1.345527637710811,0.8186683110942442,1.0737327188940091,0.0587038016334684,1.3345988127792967,0.1491814875826851,0.0545001758732194,0.2407391759785577,True,34.37145904814409,1.6538518009972925e-07,17.53385883364406,0.0015216997884159,0.7677953859436173,0.6751353237199396,0.8278255779895073,0.7011399353291383,0.727413145596922,0.6821409511686288,0.7356727292580881,0.6658565676414955
PFS,mTstage vs T stage,42,133,0.6968075619761013,0.6257182966746021,0.7635785653783016,0.6198501872659176,0.5432976708637691,0.6929856955682898,0.0769573747101837,0.0113897710484076,0.1446405292898014,True,0.6935099737488291,0.618077295561511,2.044698503771308,1.4745679745937383,2.835265680089442,1.798409136071058e-05,1.1487198472855302,0.897325497371238,1.4705447370139415,0.2712225131298731,0.7170868347338937,-0.1462658129688914,1.059911363739044,0.1288178819490953,0.0177304810303262,0.2642860668649024,False,34.64731784485407,1.446230925886541e-07,12.683353686355606,0.0129312350330786,0.7602752599353967,0.6492478681581456,0.7534837700135306,0.6355262277345417,0.6802304665882214,0.6499245459173733,0.6958008947336201,0.6408142561977753
PFS,mTstage vs T stage,123,133,0.6968075619761013,0.626415113575311,0.764362511996002,0.6198501872659176,0.5476754482694646,0.694291636317844,0.0769573747101837,0.0119251125961839,0.1426041274362112,True,0.6968724664659065,0.620226100052116,2.044698503771308,1.4745679745937383,2.835265680089442,1.798409136071058e-05,1.1487198472855302,0.897325497371238,1.4705447370139415,0.2712225131298731,0.7170868347338937,-0.2266930879854608,1.0910921625544263,0.1288178819490953,0.018143423472769,0.2919887939480803,False,34.64731784485407,1.446230925886541e-07,12.683353686355606,0.0129312350330786,0.7602752599353967,0.6492478681581456,0.7534837700135306,0.6355262277345417,0.6802304665882214,0.6499245459173733,0.6958008947336201,0.6408142561977753
PFS,mTstage vs T stage,2026,133,0.6968075619761013,0.6293411469025078,0.7638685973878477,0.6198501872659176,0.5429841326819677,0.6905185819078482,0.0769573747101837,0.013493805805906,0.1433875104736263,True,0.6981135885848764,0.6178074341115092,2.044698503771308,1.4745679745937383,2.835265680089442,1.798409136071058e-05,1.1487198472855302,0.897325497371238,1.4705447370139415,0.2712225131298731,0.7170868347338937,-0.1292882715489894,1.0154742503259446,0.1288178819490953,0.0136811303671051,0.2406588622973929,False,34.64731784485407,1.446230925886541e-07,12.683353686355606,0.0129312350330786,0.7602752599353967,0.6492478681581456,0.7534837700135306,0.6355262277345417,0.6802304665882214,0.6499245459173733,0.6958008947336201,0.6408142561977753
PFS,mTstage vs T stage,777,133,0.6968075619761013,0.6270313948351448,0.7640218915265189,0.6198501872659176,0.5470441358223052,0.695233632865015,0.0769573747101837,0.0106452975396301,0.14079341981716,True,0.6960428048102618,0.6170064588097268,2.044698503771308,1.4745679745937383,2.835265680089442,1.798409136071058e-05,1.1487198472855302,0.897325497371238,1.4705447370139415,0.2712225131298731,0.7170868347338937,-0.3009645210543233,1.046672551769655,0.1288178819490953,-0.0009452150218862,0.2396854600092417,False,34.64731784485407,1.446230925886541e-07,12.683353686355606,0.0129312350330786,0.7602752599353967,0.6492478681581456,0.7534837700135306,0.6355262277345417,0.6802304665882214,0.6499245459173733,0.6958008947336201,0.6408142561977753
PFS,mNstage vs N stage,42,129,0.64536436474628,0.5746693669610985,0.7161819035295284,0.6456505150705838,0.5737544897917707,0.7182968236876905,-0.0002861503243037,-0.0168928662121067,0.0156656126253935,False,0.6438627868054301,0.6447720122852063,1.436758893549973,0.9593861220038062,2.1516635177955523,0.0786211542279344,1.0508414520710276,0.8227554313223863,1.3421579674240431,0.6911984783776042,0.5839368005266623,-0.4306610169491526,0.9224274118249448,0.0316061301727013,-0.0272332383987912,0.1125710072445147,False,22.68533330100541,4.696444482742163e-05,24.45118460374038,0.0001777822634689,0.7026556501646566,0.7077927099009466,0.7606779243931003,0.760006019204641,0.6905922168333082,0.697686734303116,0.6565206703969013,0.6856361325058796
PFS,mNstage vs N stage,123,129,0.64536436474628,0.5744875478883642,0.7147155115104941,0.6456505150705838,0.5741312333510893,0.7142178587760146,-0.0002861503243037,-0.0172217661986222,0.0151184920764738,False,0.6488302187851334,0.6502569182829225,1.436758893549973,0.9593861220038062,2.1516635177955523,0.0786211542279344,1.0508414520710276,0.8227554313223863,1.3421579674240431,0.6911984783776042,0.5839368005266623,-0.3094599304035355,0.9357031857031854,0.0316061301727013,-0.0229508966477153,0.0999032316099646,False,22.68533330100541,4.696444482742163e-05,24.45118460374038,0.0001777822634689,0.7026556501646566,0.7077927099009466,0.7606779243931003,0.760006019204641,0.6905922168333082,0.697686734303116,0.6565206703969013,0.6856361325058796
PFS,mNstage vs N stage,2026,129,0.64536436474628,0.5771408358896126,0.7155080101747053,0.6456505150705838,0.5772086470562738,0.7174942859065762,-0.0002861503243037,-0.017359475356512,0.0153294819575018,False,0.6457874861712436,0.6465746761374825,1.436758893549973,0.9593861220038062,2.1516635177955523,0.0786211542279344,1.0508414520710276,0.8227554313223863,1.3421579674240431,0.6911984783776042,0.5839368005266623,-0.4576167000891266,0.9564382994055124,0.0316061301727013,-0.0322773435279658,0.105781394373286,False,22.68533330100541,4.696444482742163e-05,24.45118460374038,0.0001777822634689,0.7026556501646566,0.7077927099009466,0.7606779243931003,0.760006019204641,0.6905922168333082,0.697686734303116,0.6565206703969013,0.6856361325058796
PFS,mNstage vs N stage,777,129,0.64536436474628,0.5737623859157083,0.7149057006564141,0.6456505150705838,0.5747732633281427,0.7181771514511007,-0.0002861503243037,-0.0173842414454644,0.0153940723801217,False,0.6442389066044779,0.6444293607377174,1.436758893549973,0.9593861220038062,2.1516635177955523,0.0786211542279344,1.0508414520710276,0.8227554313223863,1.3421579674240431,0.6911984783776042,0.5839368005266623,-0.4405566855237706,0.8947250698679723,0.0316061301727013,-0.0262743187085249,0.1050741167815818,False,22.68533330100541,4.696444482742163e-05,24.45118460374038,0.0001777822634689,0.7026556501646566,0.7077927099009466,0.7606779243931003,0.760006019204641,0.6905922168333082,0.697686734303116,0.6565206703969013,0.6856361325058796
DSS,mStage vs ajcc8th,42,129,0.8083788706739526,0.7433483821781117,0.8667623583522288,0.75591985428051,0.6760284766388234,0.829811397680201,0.0524590163934426,-0.0126757524087596,0.1217037410363212,False,0.8051086203058795,0.7528701902599417,2.46730732803683,1.422709480638024,4.278881622588338,0.0013041722991607,1.3366241001618846,0.7646253528893718,2.336522034461043,0.3085859188021566,0.2777777777777778,-0.7784184975742406,1.492095238095238,0.1016768103956829,-0.0298558068090091,0.2421401077607371,False,37.95452801191625,2.8898277964203952e-08,24.85531844937488,5.3794328000383534e-05,0.8352245031170284,0.7920473270237507,0.8642750277436998,0.7824960546948495,0.8027557788200699,0.7543650657014837,0.7860432454781842,0.7635478079567343
DSS,mStage vs ajcc8th,123,129,0.8083788706739526,0.7407269476175774,0.8679443702864567,0.75591985428051,0.6738094471947195,0.8288528637462795,0.0524590163934426,-0.0130105346089383,0.1215440775464927,False,0.8124068455571829,0.7603769203209096,2.46730732803683,1.422709480638024,4.278881622588338,0.0013041722991607,1.3366241001618846,0.7646253528893718,2.336522034461043,0.3085859188021566,0.2777777777777778,-0.7116666666666667,1.473033309709426,0.1016768103956829,-0.0210195642846282,0.22519258651538,False,37.95452801191625,2.8898277964203952e-08,24.85531844937488,5.3794328000383534e-05,0.8352245031170284,0.7920473270237507,0.8642750277436998,0.7824960546948495,0.8027557788200699,0.7543650657014837,0.7860432454781842,0.7635478079567343
DSS,mStage vs ajcc8th,2026,129,0.8083788706739526,0.74065411377048,0.8671772692550198,0.75591985428051,0.6758661538703229,0.8297758907304487,0.0524590163934426,-0.0140532551111434,0.1208763037327373,False,0.810953578160694,0.7496607759815705,2.46730732803683,1.422709480638024,4.278881622588338,0.0013041722991607,1.3366241001618846,0.7646253528893718,2.336522034461043,0.3085859188021566,0.2777777777777778,-0.8873814858850071,1.5104500891265586,0.1016768103956829,-0.0359051970862553,0.2290992563752329,False,37.95452801191625,2.8898277964203952e-08,24.85531844937488,5.3794328000383534e-05,0.8352245031170284,0.7920473270237507,0.8642750277436998,0.7824960546948495,0.8027557788200699,0.7543650657014837,0.7860432454781842,0.7635478079567343
DSS,mStage vs ajcc8th,777,129,0.8083788706739526,0.7396290149572177,0.8665927524484538,0.75591985428051,0.6759471408703134,0.8294471630907669,0.0524590163934426,-0.0142016432641432,0.1206931418011924,False,0.8081965747331182,0.7580734321380093,2.46730732803683,1.422709480638024,4.278881622588338,0.0013041722991607,1.3366241001618846,0.7646253528893718,2.336522034461043,0.3085859188021566,0.2777777777777778,-0.7744607324716021,1.4823522267206477,0.1016768103956829,-0.0320394735728723,0.2293701636213346,False,37.95452801191625,2.8898277964203952e-08,24.85531844937488,5.3794328000383534e-05,0.8352245031170284,0.7920473270237507,0.8642750277436998,0.7824960546948495,0.8027557788200699,0.7543650657014837,0.7860432454781842,0.7635478079567343
DSS,mTstage vs T stage,42,133,0.8293351610692254,0.7746475962255012,0.8809719183974438,0.7241261137765593,0.646884719066004,0.7985017588282205,0.1052090472926661,0.016084852964646,0.1963618983355824,True,0.8277755107674277,0.7225025078637642,4.92210336888611,2.6442360997653003,9.162230852286738,4.977117806847608e-07,1.522471023743491,1.039173660434476,2.2305396166117584,0.0309927187384607,1.0608219178082192,-0.0820986215752883,1.4406516516516512,0.2065366390014082,0.0230531961843407,0.3832290377861498,False,49.13549944410797,1.2206272338307054e-10,17.127307370318,0.0018258971084194,0.8447493736032138,0.7348739952292649,0.8780571720777307,0.7434818179744336,0.8265019470749727,0.744517027722614,0.8380140942500005,0.734850903991195
DSS,mTstage vs T stage,123,133,0.8293351610692254,0.7718695891066425,0.8800896475933594,0.7241261137765593,0.6468533973362054,0.797603237354591,0.1052090472926661,0.0183986118145162,0.1920902321379514,True,0.8291790545203365,0.7257719575652396,4.92210336888611,2.6442360997653003,9.162230852286738,4.977117806847608e-07,1.522471023743491,1.039173660434476,2.2305396166117584,0.0309927187384607,1.0608219178082192,0.2401860140191343,1.4967188654841093,0.2065366390014082,0.0228337883126199,0.4081390655266599,True,49.13549944410797,1.2206272338307054e-10,17.127307370318,0.0018258971084194,0.8447493736032138,0.7348739952292649,0.8780571720777307,0.7434818179744336,0.8265019470749727,0.744517027722614,0.8380140942500005,0.734850903991195
DSS,mTstage vs T stage,2026,133,0.8293351610692254,0.77491580939441,0.880375980234182,0.7241261137765593,0.6500942740271172,0.7927507342703363,0.1052090472926661,0.0222269961617923,0.1971284881754876,True,0.8295313979633584,0.722596652613781,4.92210336888611,2.6442360997653003,9.162230852286738,4.977117806847608e-07,1.522471023743491,1.039173660434476,2.2305396166117584,0.0309927187384607,1.0608219178082192,0.2879074579505613,1.4573156025458651,0.2065366390014082,0.016643892477806,0.3506130060162827,True,49.13549944410797,1.2206272338307054e-10,17.127307370318,0.0018258971084194,0.8447493736032138,0.7348739952292649,0.8780571720777307,0.7434818179744336,0.8265019470749727,0.744517027722614,0.8380140942500005,0.734850903991195
DSS,mTstage vs T stage,777,133,0.8293351610692254,0.7737080864460096,0.8799106647298931,0.7241261137765593,0.6467156153980397,0.7979952347888248,0.1052090472926661,0.020356855051364,0.1972289451968419,True,0.8286033365072941,0.7205304826448861,4.92210336888611,2.6442360997653003,9.162230852286738,4.977117806847608e-07,1.522471023743491,1.039173660434476,2.2305396166117584,0.0309927187384607,1.0608219178082192,0.3201038401515254,1.458520592020592,0.2065366390014082,0.0200461693888102,0.3824031758594531,True,49.13549944410797,1.2206272338307054e-10,17.127307370318,0.0018258971084194,0.8447493736032138,0.7348739952292649,0.8780571720777307,0.7434818179744336,0.8265019470749727,0.744517027722614,0.8380140942500005,0.734850903991195
DSS,mNstage vs N stage,42,129,0.7329690346083789,0.6371434522613065,0.8224253390454772,0.7455373406193079,0.6456795177462532,0.8368411113631251,-0.0125683060109289,-0.0444006974399713,0.0157941635831861,False,0.7284848933653207,0.7429822357248351,1.4969891653634193,0.8514132721586554,2.6320667465445324,0.1611315554895279,1.2025863218298718,0.880691204705816,1.642135011369155,0.2457913992091039,0.3888888888888889,-0.7948904109589041,0.900121982556364,0.0041001875318146,-0.1024964568964163,0.109642754386276,False,29.02086433337428,2.2169354417218576e-06,36.71390772751428,6.834757243525906e-07,0.7617051187681765,0.7917225785172034,0.7692873355482182,0.7812228390811403,0.7312293362099058,0.7501534583078157,0.7142966373233615,0.761982018088371
DSS,mNstage vs N stage,123,129,0.7329690346083789,0.6359908387864367,0.8201716634666489,0.7455373406193079,0.6452598590376213,0.8351626949158377,-0.0125683060109289,-0.0452010937296216,0.0141464949764754,False,0.7385718696050704,0.7517250185876487,1.4969891653634193,0.8514132721586554,2.6320667465445324,0.1611315554895279,1.2025863218298718,0.880691204705816,1.642135011369155,0.2457913992091039,0.3888888888888889,-0.799416580978383,0.8522661935587631,0.0041001875318146,-0.0958677037195171,0.095840110928763,False,29.02086433337428,2.2169354417218576e-06,36.71390772751428,6.834757243525906e-07,0.7617051187681765,0.7917225785172034,0.7692873355482182,0.7812228390811403,0.7312293362099058,0.7501534583078157,0.7142966373233615,0.761982018088371
DSS,mNstage vs N stage,2026,129,0.7329690346083789,0.6381854248523905,0.8237899180083715,0.7455373406193079,0.6478918407021343,0.8370011423841209,-0.0125683060109289,-0.0461454225189976,0.0149636327604131,False,0.736475850509066,0.7492446100290988,1.4969891653634193,0.8514132721586554,2.6320667465445324,0.1611315554895279,1.2025863218298718,0.880691204705816,1.642135011369155,0.2457913992091039,0.3888888888888889,-0.8580517344497608,0.8728957636566328,0.0041001875318146,-0.1018951958476003,0.0998935477601769,False,29.02086433337428,2.2169354417218576e-06,36.71390772751428,6.834757243525906e-07,0.7617051187681765,0.7917225785172034,0.7692873355482182,0.7812228390811403,0.7312293362099058,0.7501534583078157,0.7142966373233615,0.761982018088371
DSS,mNstage vs N stage,777,129,0.7329690346083789,0.6340001174740839,0.8188655121611857,0.7455373406193079,0.6462083785266235,0.837145304344566,-0.0125683060109289,-0.0455391721817919,0.015351228182492,False,0.7337796255180054,0.7449028979042749,1.4969891653634193,0.8514132721586554,2.6320667465445324,0.1611315554895279,1.2025863218298718,0.880691204705816,1.642135011369155,0.2457913992091039,0.3888888888888889,-0.8876023123098316,0.8694559643255289,0.0041001875318146,-0.1098275787987317,0.1058576614016003,False,29.02086433337428,2.2169354417218576e-06,36.71390772751428,6.834757243525906e-07,0.7617051187681765,0.7917225785172034,0.7692873355482182,0.7812228390811403,0.7312293362099058,0.7501534583078157,0.7142966373233615,0.761982018088371
LRRFS,mStage vs ajcc8th,42,129,0.6729723046488625,0.5926402451227428,0.7533906253480399,0.593595450049456,0.4978708219121047,0.6890278687399851,0.0793768545994064,0.0200275669380751,0.1427915797265681,True,0.6736310850932452,0.5933340428007043,2.1090427814853707,1.4225251578112394,3.1268771801403736,0.0002039746942629,0.7608151547600801,0.510868560757924,1.1330501506176829,0.1785431746136253,1.039264828738513,0.3177859481307758,1.3205032083755488,0.1291216146034036,0.0435809822381291,0.2321331264133768,True,19.36212596621931,0.0002300856345838,7.266709454394625,0.1224474208903922,0.7490128676849477,0.6385060444487511,0.8017188819031044,0.6707272818386493,0.733708864754674,0.6563023623037026,0.7431655753758829,0.6312475891679318
LRRFS,mStage vs ajcc8th,123,129,0.6729723046488625,0.5937251867385676,0.7510374149659864,0.593595450049456,0.498235236609895,0.6864949546597856,0.0793768545994064,0.019682617586912,0.1432994701109456,True,0.6762745901175404,0.5978069334165713,2.1090427814853707,1.4225251578112394,3.1268771801403736,0.0002039746942629,0.7608151547600801,0.510868560757924,1.1330501506176829,0.1785431746136253,1.039264828738513,0.3231655121852564,1.267427536231884,0.1291216146034036,0.0396197552271274,0.223744028667313,True,19.36212596621931,0.0002300856345838,7.266709454394625,0.1224474208903922,0.7490128676849477,0.6385060444487511,0.8017188819031044,0.6707272818386493,0.733708864754674,0.6563023623037026,0.7431655753758829,0.6312475891679318
LRRFS,mStage vs ajcc8th,2026,129,0.6729723046488625,0.5956715936499714,0.7494889134192455,0.593595450049456,0.5027683134752361,0.6835989284734565,0.0793768545994064,0.019335982430667,0.1397346367469918,True,0.6733984827785184,0.5922339081879632,2.1090427814853707,1.4225251578112394,3.1268771801403736,0.0002039746942629,0.7608151547600801,0.510868560757924,1.1330501506176829,0.1785431746136253,1.039264828738513,0.2805157582331495,1.3354240618661255,0.1291216146034036,0.0403311915112078,0.2389103906175327,True,19.36212596621931,0.0002300856345838,7.266709454394625,0.1224474208903922,0.7490128676849477,0.6385060444487511,0.8017188819031044,0.6707272818386493,0.733708864754674,0.6563023623037026,0.7431655753758829,0.6312475891679318
LRRFS,mStage vs ajcc8th,777,129,0.6729723046488625,0.5914738466570912,0.7497880038478948,0.593595450049456,0.5016869793642378,0.6921796066709316,0.0793768545994064,0.017549495444847,0.1424170059882833,True,0.6713565466658584,0.5922629915906136,2.1090427814853707,1.4225251578112394,3.1268771801403736,0.0002039746942629,0.7608151547600801,0.510868560757924,1.1330501506176829,0.1785431746136253,1.039264828738513,0.2910906298003072,1.283526140641725,0.1291216146034036,0.0446361348675171,0.233693289309791,True,19.36212596621931,0.0002300856345838,7.266709454394625,0.1224474208903922,0.7490128676849477,0.6385060444487511,0.8017188819031044,0.6707272818386493,0.733708864754674,0.6563023623037026,0.7431655753758829,0.6312475891679318
LRRFS,mTstage vs T stage,42,133,0.6687310119186726,0.5832279018747311,0.7485241048269456,0.5870530497779856,0.4953289253457645,0.6755687932856257,0.081677962140687,0.0025872025382838,0.1628777481557275,True,0.6654469227960823,0.5861610845102062,1.882201753799508,1.2996712698986197,2.725830388081356,0.0008163825160988,0.9990608566981136,0.7474827527482211,1.3353118740420915,0.994935148647395,0.6306089743589745,-0.1772404725750898,1.0140679965679964,0.0951598073822244,0.0042602835210732,0.2192064431480009,False,18.87228358067332,0.0002905359899874,3.534446128657792,0.4726601012460899,0.7381243151156651,0.6362250423267102,0.7202783034197756,0.6037340206779129,0.6632153407388311,0.6167355429319724,0.6872655198159502,0.6047933062086529
LRRFS,mTstage vs T stage,123,133,0.6687310119186726,0.5828225285190077,0.7487973860346088,0.5870530497779856,0.5020300775118631,0.6768892911127795,0.081677962140687,0.0004449765781843,0.1604327127609163,True,0.6696177368540486,0.584976162422532,1.882201753799508,1.2996712698986197,2.725830388081356,0.0008163825160988,0.9990608566981136,0.7474827527482211,1.3353118740420915,0.994935148647395,0.6306089743589745,-0.2289477258171504,1.037669247935158,0.0951598073822244,0.0021042757592253,0.2313876391314142,False,18.87228358067332,0.0002905359899874,3.534446128657792,0.4726601012460899,0.7381243151156651,0.6362250423267102,0.7202783034197756,0.6037340206779129,0.6632153407388311,0.6167355429319724,0.6872655198159502,0.6047933062086529
LRRFS,mTstage vs T stage,2026,133,0.6687310119186726,0.5821544035265942,0.7504475512347925,0.5870530497779856,0.4994091919472602,0.6737181064015337,0.081677962140687,0.0003317726179418,0.1613912770006508,True,0.6658707406145786,0.5818639771459284,1.882201753799508,1.2996712698986197,2.725830388081356,0.0008163825160988,0.9990608566981136,0.7474827527482211,1.3353118740420915,0.994935148647395,0.6306089743589745,-0.2414579560961528,0.9891279306287644,0.0951598073822244,0.004254309036224,0.2084379379801034,False,18.87228358067332,0.0002905359899874,3.534446128657792,0.4726601012460899,0.7381243151156651,0.6362250423267102,0.7202783034197756,0.6037340206779129,0.6632153407388311,0.6167355429319724,0.6872655198159502,0.6047933062086529
LRRFS,mTstage vs T stage,777,133,0.6687310119186726,0.5810070207099912,0.7494461461540927,0.5870530497779856,0.4960802684210897,0.6762212598217582,0.081677962140687,0.0015056582597966,0.1611101152578313,True,0.67127127237853,0.5877597454761918,1.882201753799508,1.2996712698986197,2.725830388081356,0.0008163825160988,0.9990608566981136,0.7474827527482211,1.3353118740420915,0.994935148647395,0.6306089743589745,-0.0647339757017175,0.9958349218452152,0.0951598073822244,0.0020697853864054,0.2074064228612509,False,18.87228358067332,0.0002905359899874,3.534446128657792,0.4726601012460899,0.7381243151156651,0.6362250423267102,0.7202783034197756,0.6037340206779129,0.6632153407388311,0.6167355429319724,0.6872655198159502,0.6047933062086529
LRRFS,mNstage vs N stage,42,129,0.6212908011869436,0.5359500412334555,0.709071093874911,0.6158506429277942,0.530770785478973,0.7036173657083261,0.0054401582591493,-0.0142635250380008,0.0244152149276699,False,0.620718313344859,0.616196445034109,1.5184470711238405,0.9446180791617538,2.4408610830851467,0.08458044327121,0.98832346880871,0.7392707294462103,1.3212795260131458,0.9368054661679908,0.4611528822055137,-0.3336315194093832,0.878124054519097,0.0317485114946419,-0.02399292541907,0.1141490843964948,False,15.961754534587488,0.0011546424994419,14.492460835987696,0.0127660562943631,0.68221812547722,0.6830622570116951,0.7310638706566471,0.7287108503271473,0.6906454754885571,0.6965909991184903,0.6482573004611953,0.6753098200684043
LRRFS,mNstage vs N stage,123,129,0.6212908011869436,0.536940082506985,0.7028079790414847,0.6158506429277942,0.5314944310687381,0.6990268748358287,0.0054401582591493,-0.0145681971337501,0.0245974974006037,False,0.6248438354305985,0.6197654283636137,1.5184470711238405,0.9446180791617538,2.4408610830851467,0.08458044327121,0.98832346880871,0.7392707294462103,1.3212795260131458,0.9368054661679908,0.4611528822055137,-0.2769927536231883,0.9493270189431704,0.0317485114946419,-0.0191106743627874,0.1026894812425843,False,15.961754534587488,0.0011546424994419,14.492460835987696,0.0127660562943631,0.68221812547722,0.6830622570116951,0.7310638706566471,0.7287108503271473,0.6906454754885571,0.6965909991184903,0.6482573004611953,0.6753098200684043
LRRFS,mNstage vs N stage,2026,129,0.6212908011869436,0.5396547989998179,0.7076863742190502,0.6158506429277942,0.533131650320947,0.7032858855191002,0.0054401582591493,-0.0133009493800149,0.0237602023462605,False,0.6240102145007305,0.6195974549394767,1.5184470711238405,0.9446180791617538,2.4408610830851467,0.08458044327121,0.98832346880871,0.7392707294462103,1.3212795260131458,0.9368054661679908,0.4611528822055137,-0.45872196630092,0.8764208524318814,0.0317485114946419,-0.0229814901918163,0.1113859159351672,False,15.961754534587488,0.0011546424994419,14.492460835987696,0.0127660562943631,0.68221812547722,0.6830622570116951,0.7310638706566471,0.7287108503271473,0.6906454754885571,0.6965909991184903,0.6482573004611953,0.6753098200684043
LRRFS,mNstage vs N stage,777,129,0.6212908011869436,0.5374874751123048,0.7076060576530969,0.6158506429277942,0.5324483387923271,0.7025738596588736,0.0054401582591493,-0.0155715003338053,0.0244883206911955,False,0.6188420945833089,0.612485983968038,1.5184470711238405,0.9446180791617538,2.4408610830851467,0.08458044327121,0.98832346880871,0.7392707294462103,1.3212795260131458,0.9368054661679908,0.4611528822055137,-0.4027367589363556,0.8527084076054662,0.0317485114946419,-0.0269686859951725,0.0996143998177412,False,15.961754534587488,0.0011546424994419,14.492460835987696,0.0127660562943631,0.68221812547722,0.6830622570116951,0.7310638706566471,0.7287108503271473,0.6906454754885571,0.6965909991184903,0.6482573004611953,0.6753098200684043
OS,mStage vs ajcc8th,42,129,0.7684546615581098,0.7041917058624649,0.8253347982406014,0.7347381864623244,0.6658035147410748,0.7981355880971261,0.0337164750957854,-0.0207610128449154,0.0907655091053793,False,0.7652322047183067,0.7325813531572887,1.769289881675426,1.218252588715883,2.5695711336010154,0.0027277029856443,1.4355184508924237,0.9473870041398352,2.175154624084774,0.0881832232504493,0.1736111111111111,-0.7993630341353919,1.28051886279626,0.0790472554470181,-0.0340093028937985,0.2148103946632227,False,39.1175119309233,1.638968999198536e-08,30.732223377261622,3.4715865408342057e-06,0.8282476888775306,0.8016268187145842,0.8552029522387875,0.7768830848798575,0.7441342621903939,0.7253016174146266,0.7288569759601186,0.7362231030685886
OS,mStage vs ajcc8th,123,129,0.7684546615581098,0.7064074622018548,0.8257634671875983,0.7347381864623244,0.6641858453830515,0.7983580522860375,0.0337164750957854,-0.0202944513767003,0.089900894000452,False,0.7727427595807544,0.7385402405256377,1.769289881675426,1.218252588715883,2.5695711336010154,0.0027277029856443,1.4355184508924237,0.9473870041398352,2.175154624084774,0.0881832232504493,0.1736111111111111,-0.729951690821256,1.2723007921714815,0.0790472554470181,-0.0339659915412853,0.2131988008496123,False,39.1175119309233,1.638968999198536e-08,30.732223377261622,3.4715865408342057e-06,0.8282476888775306,0.8016268187145842,0.8552029522387875,0.7768830848798575,0.7441342621903939,0.7253016174146266,0.7288569759601186,0.7362231030685886
OS,mStage vs ajcc8th,2026,129,0.7684546615581098,0.7035698044712062,0.8270387287368135,0.7347381864623244,0.668724924093782,0.7960128768410291,0.0337164750957854,-0.020001514004542,0.0913330817399082,False,0.7682927625816055,0.7298687977536147,1.769289881675426,1.218252588715883,2.5695711336010154,0.0027277029856443,1.4355184508924237,0.9473870041398352,2.175154624084774,0.0881832232504493,0.1736111111111111,-0.820143720817252,1.2367531158357772,0.0790472554470181,-0.0292596345281157,0.200208200823231,False,39.1175119309233,1.638968999198536e-08,30.732223377261622,3.4715865408342057e-06,0.8282476888775306,0.8016268187145842,0.8552029522387875,0.7768830848798575,0.7441342621903939,0.7253016174146266,0.7288569759601186,0.7362231030685886
OS,mStage vs ajcc8th,777,129,0.7684546615581098,0.7068067880904919,0.8244222335141786,0.7347381864623244,0.6700278785360421,0.7978910447660448,0.0337164750957854,-0.0205843282044421,0.0885872889886944,False,0.7696568329967717,0.7388841075740581,1.769289881675426,1.218252588715883,2.5695711336010154,0.0027277029856443,1.4355184508924237,0.9473870041398352,2.175154624084774,0.0881832232504493,0.1736111111111111,-0.7937095172095172,1.2484213271833724,0.0790472554470181,-0.0283198695269966,0.2034501685846991,False,39.1175119309233,1.638968999198536e-08,30.732223377261622,3.4715865408342057e-06,0.8282476888775306,0.8016268187145842,0.8552029522387875,0.7768830848798575,0.7441342621903939,0.7253016174146266,0.7288569759601186,0.7362231030685886
OS,mTstage vs T stage,42,133,0.7767265846736046,0.7173543200844087,0.8331393290531073,0.7082544938505203,0.6384403617169694,0.7732917968852192,0.0684720908230842,-0.0012925414336501,0.1396459704154957,False,0.7748185451578747,0.706458662166772,2.997779689037978,1.9521518969663616,4.60347531253788,5.261243657272421e-07,1.4923930854232796,1.1072933336050717,2.011424663930637,0.0085573324161592,0.8831587429492345,-0.4009526638938403,1.2722315472117685,0.1557715313294412,0.0070215333655149,0.309721650030849,False,46.93883380978221,3.5813046686329437e-10,26.78564556715846,2.196427871376917e-05,0.8156900186185736,0.7398957518688047,0.8496670310297358,0.7362198335300656,0.7577879001402297,0.7156276904492795,0.7733883677548866,0.7207541169335036
OS,mTstage vs T stage,123,133,0.7767265846736046,0.7181178302302095,0.8329105414807537,0.7082544938505203,0.6391751242750621,0.7740267156985247,0.0684720908230842,-0.0007927445082194,0.139414022585768,False,0.7750081239417925,0.7077871156668734,2.997779689037978,1.9521518969663616,4.60347531253788,5.261243657272421e-07,1.4923930854232796,1.1072933336050717,2.011424663930637,0.0085573324161592,0.8831587429492345,-0.3714403551127966,1.2935531788472965,0.1557715313294412,0.0045465836565711,0.314436153239487,False,46.93883380978221,3.5813046686329437e-10,26.78564556715846,2.196427871376917e-05,0.8156900186185736,0.7398957518688047,0.8496670310297358,0.7362198335300656,0.7577879001402297,0.7156276904492795,0.7733883677548866,0.7207541169335036
OS,mTstage vs T stage,2026,133,0.7767265846736046,0.7173943341636612,0.8307500603184362,0.7082544938505203,0.6402985731264266,0.770679810236966,0.0684720908230842,0.003217741668992,0.1371037025319646,True,0.7814269311501602,0.7085157249712092,2.997779689037978,1.9521518969663616,4.60347531253788,5.261243657272421e-07,1.4923930854232796,1.1072933336050717,2.011424663930637,0.0085573324161592,0.8831587429492345,-0.2735906589320244,1.2820301364216573,0.1557715313294412,-0.0111730878383163,0.2899074301079796,False,46.93883380978221,3.5813046686329437e-10,26.78564556715846,2.196427871376917e-05,0.8156900186185736,0.7398957518688047,0.8496670310297358,0.7362198335300656,0.7577879001402297,0.7156276904492795,0.7733883677548866,0.7207541169335036
OS,mTstage vs T stage,777,133,0.7767265846736046,0.7164380723994087,0.8333353094617026,0.7082544938505203,0.6402607996449249,0.773748306612221,0.0684720908230842,-0.0007801357257879,0.1389428553427419,False,0.7752295004303275,0.704184451126445,2.997779689037978,1.9521518969663616,4.60347531253788,5.261243657272421e-07,1.4923930854232796,1.1072933336050717,2.011424663930637,0.0085573324161592,0.8831587429492345,-0.4099669486523706,1.259679487179487,0.1557715313294412,-0.0107673764014278,0.2972242406227312,False,46.93883380978221,3.5813046686329437e-10,26.78564556715846,2.196427871376917e-05,0.8156900186185736,0.7398957518688047,0.8496670310297358,0.7362198335300656,0.7577879001402297,0.7156276904492795,0.7733883677548866,0.7207541169335036
OS,mNstage vs N stage,42,129,0.7076628352490422,0.6263485695823299,0.7805437185581234,0.7215836526181354,0.6384118807608262,0.7971117926763923,-0.0139208173690932,-0.0383103339186203,0.0077753655985921,False,0.7032676913127377,0.7184729434941655,1.262270633469922,0.7903006017717036,2.0161026684639007,0.3296113562852614,1.2316322476108057,0.9410135116480498,1.6120044766394284,0.1292131977310743,0.4513888888888888,-0.8530431698927972,0.891234823925756,-0.0123601335565615,-0.1088419227226925,0.072985606686844,False,27.30594935010277,5.078880953221784e-06,38.76218815505209,2.6514826483086104e-07,0.7563935914270353,0.7877468648929702,0.7749186903634196,0.7897199884860673,0.6887939788391305,0.7054523112911,0.6675219041360649,0.7093222009423874
OS,mNstage vs N stage,123,129,0.7076628352490422,0.6294705108171021,0.7810853785894628,0.7215836526181354,0.6404785004727958,0.7961153556622129,-0.0139208173690932,-0.0392591386789455,0.0061298109498167,False,0.7133097123351471,0.7278989336004974,1.262270633469922,0.7903006017717036,2.0161026684639007,0.3296113562852614,1.2316322476108057,0.9410135116480498,1.6120044766394284,0.1292131977310743,0.4513888888888888,-0.8273864410629118,0.848298248298248,-0.0123601335565615,-0.0942575042804714,0.0644731375983716,False,27.30594935010277,5.078880953221784e-06,38.76218815505209,2.6514826483086104e-07,0.7563935914270353,0.7877468648929702,0.7749186903634196,0.7897199884860673,0.6887939788391305,0.7054523112911,0.6675219041360649,0.7093222009423874
OS,mNstage vs N stage,2026,129,0.7076628352490422,0.6285082124762943,0.7817039363705555,0.7215836526181354,0.6405181589749729,0.7991451495472865,-0.0139208173690932,-0.0401235520570914,0.0080199580915073,False,0.707932630467619,0.7219477219034406,1.262270633469922,0.7903006017717036,2.0161026684639007,0.3296113562852614,1.2316322476108057,0.9410135116480498,1.6120044766394284,0.1292131977310743,0.4513888888888888,-0.8710742432573418,0.9082535885167456,-0.0123601335565615,-0.1029209483945261,0.0742306740783046,False,27.30594935010277,5.078880953221784e-06,38.76218815505209,2.6514826483086104e-07,0.7563935914270353,0.7877468648929702,0.7749186903634196,0.7897199884860673,0.6887939788391305,0.7054523112911,0.6675219041360649,0.7093222009423874
OS,mNstage vs N stage,777,129,0.7076628352490422,0.6273087225661593,0.7821061953930198,0.7215836526181354,0.6403180947580986,0.7967983642772041,-0.0139208173690932,-0.0393864366264059,0.007125984042479,False,0.7083245760418168,0.7213994337847156,1.262270633469922,0.7903006017717036,2.0161026684639007,0.3296113562852614,1.2316322476108057,0.9410135116480498,1.6120044766394284,0.1292131977310743,0.4513888888888888,-0.8991449855368662,0.8897465594107384,-0.0123601335565615,-0.1125932945260257,0.0713674770100783,False,27.30594935010277,5.078880953221784e-06,38.76218815505209,2.6514826483086104e-07,0.7563935914270353,0.7877468648929702,0.7749186903634196,0.7897199884860673,0.6887939788391305,0.7054523112911,0.6675219041360649,0.7093222009423874
