label,seed,model,n,C_app,C_lo,C_hi,C_optimism_corr,CV_mean,CV_sd,NRI,IDI,CV_B_mean,CV_B_sd,CV_C_mean,CV_C_sd,CV_d_mean,CV_d_lo,CV_d_hi,NRI_C_vs_A,IDI_C_vs_A,NRI_B_vs_A,IDI_B_vs_A,NRI_diff,IDI_diff,HR,HR_lo,HR_hi,HR_p
PFS,42,A_clinical,133,0.7226680934546104,0.6483235241662209,0.7128589263420724,0.6334520711396615,0.603194091546129,0.08610151455358309,,,,,,,,,,,,,,,,,,,
PFS,42,B_ajcc8th,133,0.7294453361869092,0.6579454253611557,0.7183788121990369,0.6399823387821753,0.6086695570317294,0.08258233193569152,,,,,,,,,,,,,,,,,,,
PFS,42,C_modified,133,0.7660067772427323,0.7043606206527555,0.7579810950597468,0.6937014861907299,0.6679828304137061,0.08625435962249191,,,,,,,,,,,,,,,,,,,
PFS,42,B_vs_A,133,,,,,,,0.4070961718020541,0.01983681594332909,,,,,,,,,,,,,,,,,
PFS,42,C_vs_A,133,,,,,,,1.0065359477124183,0.11312331036315726,,,,,,,,,,,,,,,,,
PFS,42,C_vs_B,133,,,,,,,0.9822595704948647,0.09328649441982817,,,,,,,,,,,,,,,,,
PFS,42,S2_C_vs_B,133,,,,,,,0.9822595704948647,0.09328649441982817,0.6086695570317294,0.08258233193569152,0.6679828304137061,0.08625435962249191,0.059313273381976755,-0.05221586738438953,0.133917493796526,,,,,,,,,,
PFS,42,S3_increment_C_vs_B,133,,,,,,,,,,,,,,,,1.0065359477124183,0.11312331036315726,0.4070961718020541,0.01983681594332909,0.5994397759103642,0.09328649441982817,,,,
PFS,42,HR_age,133,,,,,,,,,,,,,,,,,,,,,,1.0126102629442102,0.9891502100634325,1.0366267268488845,0.2947273410019017
PFS,42,HR_TIL,133,,,,,,,,,,,,,,,,,,,,,,0.9765332431423253,0.8891189464870587,1.0725417321606339,0.6196801251446872
PFS,42,HR_differentiation,133,,,,,,,,,,,,,,,,,,,,,,1.2361741842257952,0.855844371870087,1.78551926491873,0.25839988620448257
PFS,42,HR_tumor size (cm),133,,,,,,,,,,,,,,,,,,,,,,1.1435869026648184,0.9526445818856754,1.372800547878892,0.15001590819158045
PFS,42,HR_DOI (mm),133,,,,,,,,,,,,,,,,,,,,,,1.0365917029810496,1.002703375480419,1.0716253529856954,0.03407707577884051
PFS,42,HR_성별,133,,,,,,,,,,,,,,,,,,,,,,1.2791142995717855,0.76065985784931,2.1509395750092866,0.35324354381632583
PFS,42,HR_budding_01vs23,133,,,,,,,,,,,,,,,,,,,,,,0.8242401598638219,0.47814464935250434,1.4208500336714693,0.4866104165297378
PFS,42,HR_PNI,133,,,,,,,,,,,,,,,,,,,,,,1.763596687485522,0.8616772285068763,3.6095572369939743,0.12052622579818792
PFS,42,HR_LVI,133,,,,,,,,,,,,,,,,,,,,,,1.418863652360614,0.6968767590164127,2.888852351499768,0.33483522941029875
PFS,42,HR_RM,133,,,,,,,,,,,,,,,,,,,,,,0.7132162826755541,0.33763732057247864,1.5065795007822338,0.3757268264975918
PFS,42,HR_TSR,133,,,,,,,,,,,,,,,,,,,,,,0.44448087326115987,0.17990082983601624,1.0981786291652278,0.07891316527351197
PFS,42,HR_WPOI5_2tier,133,,,,,,,,,,,,,,,,,,,,,,0.9954888840924749,0.5109434865692458,1.939545457376871,0.9893993804163238
PFS,42,HR_subsite_2,133,,,,,,,,,,,,,,,,,,,,,,1.2605780864563219,0.45402671305905695,3.4999198645106757,0.6567096131900687
PFS,42,HR_subsite_3,133,,,,,,,,,,,,,,,,,,,,,,0.7661426348522331,0.4002631628205697,1.4664715403786774,0.4212947875313837
PFS,42,HR_subsite_4,133,,,,,,,,,,,,,,,,,,,,,,0.9395200819116761,0.37859523615086016,2.331508429132983,0.8929835281116332
PFS,42,HR_subsite_5,133,,,,,,,,,,,,,,,,,,,,,,4.288866856889131,0.8078514779416969,22.769505804443902,0.08736800152245737
PFS,42,HR_subsite_6,133,,,,,,,,,,,,,,,,,,,,,,1.2827078686586415,0.583793691419869,2.8183577529196935,0.5353191653752393
PFS,42,HR_subsite_7,133,,,,,,,,,,,,,,,,,,,,,,0.9305419272491376,0.4693402909165328,1.8449476746979987,0.8366770993576618
PFS,42,HR_subsite_8,133,,,,,,,,,,,,,,,,,,,,,,2.9990430163219877,0.8071458427166793,11.143288533181249,0.10099838740620286
PFS,42,HR_Tx_3tier_1,133,,,,,,,,,,,,,,,,,,,,,,0.8027889933557546,0.45045800946277176,1.4306997640507229,0.45621820569117544
PFS,42,HR_Tx_3tier_2,133,,,,,,,,,,,,,,,,,,,,,,1.1179679536593947,0.546355440792432,2.2876176424574326,0.7601731640613538
PFS,42,HR_HPV/P16_1,133,,,,,,,,,,,,,,,,,,,,,,1.2107835114774592,0.22624663603457765,6.479639818563473,0.8231559029372516
PFS,42,HR_HPV/P16_2,133,,,,,,,,,,,,,,,,,,,,,,0.7376249571177748,0.42253707530226214,1.2876753524499207,0.284379920987341
PFS,123,A_clinical,133,0.7226680934546104,0.6551943998573212,0.7145710718744427,0.6335798769146802,0.5994139479552779,0.08052751572767661,,,,,,,,,,,,,,,,,,,
PFS,123,B_ajcc8th,133,0.7294453361869092,0.6593766720171215,0.7205279115391475,0.6405892687627398,0.6057635639768442,0.08711018706336612,,,,,,,,,,,,,,,,,,,
PFS,123,C_modified,133,0.7660067772427323,0.7059256286784377,0.7561218120206884,0.69313192773533,0.6650360695124351,0.08511493995526101,,,,,,,,,,,,,,,,,,,
PFS,123,B_vs_A,133,,,,,,,0.4070961718020541,0.01983681594332909,,,,,,,,,,,,,,,,,
PFS,123,C_vs_A,133,,,,,,,1.0065359477124183,0.11312331036315726,,,,,,,,,,,,,,,,,
PFS,123,C_vs_B,133,,,,,,,0.9822595704948647,0.09328649441982817,,,,,,,,,,,,,,,,,
PFS,123,S2_C_vs_B,133,,,,,,,0.9822595704948647,0.09328649441982817,0.6057635639768442,0.08711018706336612,0.6650360695124351,0.08511493995526101,0.05927250553559105,-0.011845512892692301,0.16746494734492617,,,,,,,,,,
PFS,123,S3_increment_C_vs_B,133,,,,,,,,,,,,,,,,1.0065359477124183,0.11312331036315726,0.4070961718020541,0.01983681594332909,0.5994397759103642,0.09328649441982817,,,,
PFS,2026,A_clinical,133,0.7226680934546104,0.6507579810950598,0.7146602461209203,0.6329309491697308,0.6070491273523265,0.0718596424642996,,,,,,,,,,,,,,,,,,,
PFS,2026,B_ajcc8th,133,0.7294453361869092,0.6620741929730694,0.7205457463884429,0.6401749960363139,0.6131265787248763,0.07225692018304747,,,,,,,,,,,,,,,,,,,
PFS,2026,C_modified,133,0.7660067772427323,0.7033975387907972,0.7579186730872124,0.6942132284617387,0.6763915825875184,0.07764426049742777,,,,,,,,,,,,,,,,,,,
PFS,2026,B_vs_A,133,,,,,,,0.4070961718020541,0.01983681594332909,,,,,,,,,,,,,,,,,
PFS,2026,C_vs_A,133,,,,,,,1.0065359477124183,0.11312331036315726,,,,,,,,,,,,,,,,,
PFS,2026,C_vs_B,133,,,,,,,0.9822595704948647,0.09328649441982817,,,,,,,,,,,,,,,,,
PFS,2026,S2_C_vs_B,133,,,,,,,0.9822595704948647,0.09328649441982817,0.6131265787248763,0.07225692018304747,0.6763915825875184,0.07764426049742777,0.06326500386264222,0.0,0.14617085468672494,,,,,,,,,,
PFS,2026,S3_increment_C_vs_B,133,,,,,,,,,,,,,,,,1.0065359477124183,0.11312331036315726,0.4070961718020541,0.01983681594332909,0.5994397759103642,0.09328649441982817,,,,
PFS,777,A_clinical,133,0.7226680934546104,0.6541020153379704,0.7107990012484394,0.6344763321761352,0.5934603146853589,0.07578678623520645,,,,,,,,,,,,,,,,,,,
PFS,777,B_ajcc8th,133,0.7294453361869092,0.6605225610843588,0.7151417870518995,0.6414845561278544,0.6011108850403943,0.07259268813687758,,,,,,,,,,,,,,,,,,,
PFS,777,C_modified,133,0.7660067772427323,0.7012662742999822,0.7554842161583735,0.6950130288794453,0.6660591132287874,0.0743585558072212,,,,,,,,,,,,,,,,,,,
PFS,777,B_vs_A,133,,,,,,,0.4070961718020541,0.01983681594332909,,,,,,,,,,,,,,,,,
PFS,777,C_vs_A,133,,,,,,,1.0065359477124183,0.11312331036315726,,,,,,,,,,,,,,,,,
PFS,777,C_vs_B,133,,,,,,,0.9822595704948647,0.09328649441982817,,,,,,,,,,,,,,,,,
PFS,777,S2_C_vs_B,133,,,,,,,0.9822595704948647,0.09328649441982817,0.6011108850403943,0.07259268813687758,0.6660591132287874,0.0743585558072212,0.06494822818839292,0.0186746987951807,0.1777716112418416,,,,,,,,,,
PFS,777,S3_increment_C_vs_B,133,,,,,,,,,,,,,,,,1.0065359477124183,0.11312331036315726,0.4070961718020541,0.01983681594332909,0.5994397759103642,0.09328649441982817,,,,
DSS,42,A_clinical,133,0.8827964359150103,0.7918522960932146,0.8713074023303633,0.8137464527085722,0.7635447734863561,0.10870589334829979,,,,,,,,,,,,,,,,,,,
DSS,42,B_ajcc8th,133,0.8893077450308431,0.8099982864976011,0.8820938999314599,0.8243802149499354,0.7821448280235627,0.0991963306936474,,,,,,,,,,,,,,,,,,,
DSS,42,C_modified,133,0.9023303632625086,0.8327621658670322,0.8973526387936943,0.8459987843275271,0.8055901034500594,0.09788875018993892,,,,,,,,,,,,,,,,,,,
DSS,42,B_vs_A,133,,,,,,,0.8054794520547945,0.045617395031937874,,,,,,,,,,,,,,,,,
DSS,42,C_vs_A,133,,,,,,,1.1068493150684933,0.09517075050842996,,,,,,,,,,,,,,,,,
DSS,42,C_vs_B,133,,,,,,,0.8350684931506849,0.04955335547649209,,,,,,,,,,,,,,,,,
DSS,42,S2_C_vs_B,133,,,,,,,0.8350684931506849,0.04955335547649209,0.7821448280235627,0.0991963306936474,0.8055901034500594,0.09788875018993892,0.02344527542649681,-0.03694779116465868,0.10593419506462974,,,,,,,,,,
DSS,42,S3_increment_C_vs_B,133,,,,,,,,,,,,,,,,1.1068493150684933,0.09517075050842996,0.8054794520547945,0.045617395031937874,0.3013698630136987,0.04955335547649209,,,,
DSS,42,HR_age,133,,,,,,,,,,,,,,,,,,,,,,1.0068154233604767,0.9768157498740768,1.0377364378565876,0.6598682906886166
DSS,42,HR_TIL,133,,,,,,,,,,,,,,,,,,,,,,0.9926909652168676,0.8746092126328499,1.1267150382017186,0.9096081162647318
DSS,42,HR_differentiation,133,,,,,,,,,,,,,,,,,,,,,,1.7204450707010128,1.065421296800047,2.778179158037722,0.026476765336552032
DSS,42,HR_tumor size (cm),133,,,,,,,,,,,,,,,,,,,,,,1.2726827333600486,1.027089261911179,1.5770015322513178,0.0275024787161636
DSS,42,HR_DOI (mm),133,,,,,,,,,,,,,,,,,,,,,,1.0326845830931284,0.9940526069334797,1.0728179180054125,0.0982661664497126
DSS,42,HR_성별,133,,,,,,,,,,,,,,,,,,,,,,0.7207465654436536,0.35877142874891277,1.4479291548112079,0.3575495339609678
DSS,42,HR_budding_01vs23,133,,,,,,,,,,,,,,,,,,,,,,0.8278943357839863,0.40602860512439287,1.6880806489316749,0.603359337981743
DSS,42,HR_PNI,133,,,,,,,,,,,,,,,,,,,,,,1.9245154507603752,0.8055244062152419,4.597948481309875,0.14067390868878338
DSS,42,HR_LVI,133,,,,,,,,,,,,,,,,,,,,,,1.7196932894923673,0.7043933956235999,4.198428077689371,0.23385484745137985
DSS,42,HR_RM,133,,,,,,,,,,,,,,,,,,,,,,0.8418980921507982,0.3300973387324825,2.1472223929123326,0.7186515743164914
DSS,42,HR_TSR,133,,,,,,,,,,,,,,,,,,,,,,0.3873188273430398,0.12290154323170262,1.2206183101506467,0.10532606211361302
DSS,42,HR_WPOI5_2tier,133,,,,,,,,,,,,,,,,,,,,,,1.0811868363679522,0.47447872849813905,2.463682574001683,0.8526310713730341
DSS,42,HR_subsite_2,133,,,,,,,,,,,,,,,,,,,,,,0.5879245705768328,0.14465616810412577,2.389495762387022,0.4578339516342088
DSS,42,HR_subsite_3,133,,,,,,,,,,,,,,,,,,,,,,0.765953204066342,0.34020819589450585,1.7244861173227544,0.5196180507356971
DSS,42,HR_subsite_4,133,,,,,,,,,,,,,,,,,,,,,,1.1320632994547104,0.35368309568505174,3.623490434254448,0.8344697698658807
DSS,42,HR_subsite_5,133,,,,,,,,,,,,,,,,,,,,,,3.0708412242632255,0.3531011492081695,26.706414991232453,0.3093157366714786
DSS,42,HR_subsite_6,133,,,,,,,,,,,,,,,,,,,,,,1.1055132767723048,0.3739168749986618,3.2685328928367103,0.8560824738142138
DSS,42,HR_subsite_7,133,,,,,,,,,,,,,,,,,,,,,,1.2475139368367931,0.5502947624274104,2.8281043703506534,0.5963908499099129
DSS,42,HR_subsite_8,133,,,,,,,,,,,,,,,,,,,,,,3.8811953407193838,0.7750199086340093,19.436503636883266,0.09896506439214314
DSS,42,HR_Tx_3tier_1,133,,,,,,,,,,,,,,,,,,,,,,1.4207628333781088,0.6730801918482647,2.998999306703184,0.35686706629680787
DSS,42,HR_Tx_3tier_2,133,,,,,,,,,,,,,,,,,,,,,,1.3454147194171502,0.5435083150280443,3.3304748375945783,0.5211533364345451
DSS,42,HR_HPV/P16_1,133,,,,,,,,,,,,,,,,,,,,,,0.3452816490001177,0.014551430247375614,8.192969014694762,0.510427360425697
DSS,42,HR_HPV/P16_2,133,,,,,,,,,,,,,,,,,,,,,,0.5647415656652662,0.2630313641909141,1.2125285399750556,0.14274283935042925
DSS,123,A_clinical,133,0.8827964359150103,0.7981836874571624,0.87065627141878,0.8164912944233902,0.7779159847521414,0.08839950075157342,,,,,,,,,,,,,,,,,,,
DSS,123,B_ajcc8th,133,0.8893077450308431,0.8153272789581906,0.8790267306374229,0.8270859644365954,0.7933635624021811,0.08061960137825218,,,,,,,,,,,,,,,,,,,
DSS,123,C_modified,133,0.9023303632625086,0.8394191226867718,0.895673406442769,0.8480879921927605,0.8201781548966168,0.07894443292993562,,,,,,,,,,,,,,,,,,,
DSS,123,B_vs_A,133,,,,,,,0.8054794520547945,0.045617395031937874,,,,,,,,,,,,,,,,,
DSS,123,C_vs_A,133,,,,,,,1.1068493150684933,0.09517075050842996,,,,,,,,,,,,,,,,,
DSS,123,C_vs_B,133,,,,,,,0.8350684931506849,0.04955335547649209,,,,,,,,,,,,,,,,,
DSS,123,S2_C_vs_B,133,,,,,,,0.8350684931506849,0.04955335547649209,0.7933635624021811,0.08061960137825218,0.8201781548966168,0.07894443292993562,0.026814592494435685,-0.030771708961141953,0.1360047846889952,,,,,,,,,,
DSS,123,S3_increment_C_vs_B,133,,,,,,,,,,,,,,,,1.1068493150684933,0.09517075050842996,0.8054794520547945,0.045617395031937874,0.3013698630136987,0.04955335547649209,,,,
DSS,2026,A_clinical,133,0.8827964359150103,0.792357779300891,0.8715215901302261,0.8123650180844324,0.764973255571772,0.11923349207113372,,,,,,,,,,,,,,,,,,,
DSS,2026,B_ajcc8th,133,0.8893077450308431,0.811189170664839,0.8794722412611378,0.8239316102703795,0.7792879998016827,0.11221965276129488,,,,,,,,,,,,,,,,,,,
DSS,2026,C_modified,133,0.9023303632625086,0.8369945167923235,0.8963845099383139,0.84522231449007,0.8117551793190386,0.09395449352925454,,,,,,,,,,,,,,,,,,,
DSS,2026,B_vs_A,133,,,,,,,0.8054794520547945,0.045617395031937874,,,,,,,,,,,,,,,,,
DSS,2026,C_vs_A,133,,,,,,,1.1068493150684933,0.09517075050842996,,,,,,,,,,,,,,,,,
DSS,2026,C_vs_B,133,,,,,,,0.8350684931506849,0.04955335547649209,,,,,,,,,,,,,,,,,
DSS,2026,S2_C_vs_B,133,,,,,,,0.8350684931506849,0.04955335547649209,0.7792879998016827,0.11221965276129488,0.8117551793190386,0.09395449352925454,0.0324671795173559,-0.02604729729729733,0.11149425287356311,,,,,,,,,,
DSS,2026,S3_increment_C_vs_B,133,,,,,,,,,,,,,,,,1.1068493150684933,0.09517075050842996,0.8054794520547945,0.045617395031937874,0.3013698630136987,0.04955335547649209,,,,
DSS,777,A_clinical,133,0.8827964359150103,0.7939513365318711,0.873526387936943,0.8164833856523681,0.7743946663449037,0.09841095054133434,,,,,,,,,,,,,,,,,,,
DSS,777,B_ajcc8th,133,0.8893077450308431,0.8095270733379026,0.8791809458533242,0.827217575589237,0.789432298385432,0.09332172202568143,,,,,,,,,,,,,,,,,,,
DSS,777,C_modified,133,0.9023303632625086,0.8362063056888279,0.897464016449623,0.8487156291024951,0.8112454863167948,0.09555837654687516,,,,,,,,,,,,,,,,,,,
DSS,777,B_vs_A,133,,,,,,,0.8054794520547945,0.045617395031937874,,,,,,,,,,,,,,,,,
DSS,777,C_vs_A,133,,,,,,,1.1068493150684933,0.09517075050842996,,,,,,,,,,,,,,,,,
DSS,777,C_vs_B,133,,,,,,,0.8350684931506849,0.04955335547649209,,,,,,,,,,,,,,,,,
DSS,777,S2_C_vs_B,133,,,,,,,0.8350684931506849,0.04955335547649209,0.789432298385432,0.09332172202568143,0.8112454863167948,0.09555837654687516,0.02181318793136295,-0.08717532467532459,0.08437177280550766,,,,,,,,,,
DSS,777,S3_increment_C_vs_B,133,,,,,,,,,,,,,,,,1.1068493150684933,0.09517075050842996,0.8054794520547945,0.045617395031937874,0.3013698630136987,0.04955335547649209,,,,
OS,42,A_clinical,133,0.7977767265846736,0.7269453642384106,0.7865361873226111,0.722281649888735,0.6922047030778288,0.09915450224927477,,,,,,,,,,,,,,,,,,,
OS,42,B_ajcc8th,133,0.8103122043519394,0.749538789025544,0.8064037369914853,0.7409814047380805,0.7214935152999764,0.0893516380064048,,,,,,,,,,,,,,,,,,,
OS,42,C_modified,133,0.8408230842005676,0.7776844843897824,0.8302921002838222,0.7795451049366874,0.7510518185649524,0.07801217846456988,,,,,,,,,,,,,,,,,,,
OS,42,B_vs_A,133,,,,,,,0.7542304593070106,0.05092521855993998,,,,,,,,,,,,,,,,,
OS,42,C_vs_A,133,,,,,,,0.9500402900886382,0.09741137252144322,,,,,,,,,,,,,,,,,
OS,42,C_vs_B,133,,,,,,,0.613215149073328,0.04648615396150324,,,,,,,,,,,,,,,,,
OS,42,S2_C_vs_B,133,,,,,,,0.613215149073328,0.04648615396150324,0.7214935152999764,0.0893516380064048,0.7510518185649524,0.07801217846456988,0.029558303264976167,-0.09318181818181817,0.08276515151515154,,,,,,,,,,
OS,42,S3_increment_C_vs_B,133,,,,,,,,,,,,,,,,0.9500402900886382,0.09741137252144322,0.7542304593070106,0.05092521855993998,0.19580983078162761,0.04648615396150324,,,,
OS,42,HR_age,133,,,,,,,,,,,,,,,,,,,,,,1.0183815211153864,0.9911363651532404,1.0463756139034825,0.18801300390626785
OS,42,HR_TIL,133,,,,,,,,,,,,,,,,,,,,,,0.9798087768327219,0.8775537249718077,1.0939788776912507,0.7168118241007932
OS,42,HR_differentiation,133,,,,,,,,,,,,,,,,,,,,,,1.4174412451288085,0.9314598266255597,2.1569794273048846,0.10341628741888702
OS,42,HR_tumor size (cm),133,,,,,,,,,,,,,,,,,,,,,,1.22525911669041,1.0072666657009988,1.4904294504655078,0.04211326917224792
OS,42,HR_DOI (mm),133,,,,,,,,,,,,,,,,,,,,,,1.0420816925569079,1.0070118141884166,1.0783729035368463,0.01827419347088077
OS,42,HR_성별,133,,,,,,,,,,,,,,,,,,,,,,0.7593417378897654,0.41422792350568194,1.391986976690479,0.3732771846734203
OS,42,HR_budding_01vs23,133,,,,,,,,,,,,,,,,,,,,,,0.7577779358443881,0.4041065889159119,1.4209800478459138,0.38722250852645135
OS,42,HR_PNI,133,,,,,,,,,,,,,,,,,,,,,,2.097422271775693,0.9664723896481332,4.55179085637649,0.06097203974126375
OS,42,HR_LVI,133,,,,,,,,,,,,,,,,,,,,,,1.8300193317340907,0.8277039872416564,4.046097162925376,0.13547912910459656
OS,42,HR_RM,133,,,,,,,,,,,,,,,,,,,,,,0.5893293052564382,0.24986173806559234,1.390004859178809,0.2271311146446222
OS,42,HR_TSR,133,,,,,,,,,,,,,,,,,,,,,,0.5473561344410164,0.20282994770172383,1.4770932069202802,0.23411269330590417
OS,42,HR_WPOI5_2tier,133,,,,,,,,,,,,,,,,,,,,,,1.019253759844277,0.4901421407588311,2.119544802551192,0.9592827187273333
OS,42,HR_subsite_2,133,,,,,,,,,,,,,,,,,,,,,,0.7169958134511304,0.21803819769780705,2.3577657581766864,0.5838579751074806
OS,42,HR_subsite_3,133,,,,,,,,,,,,,,,,,,,,,,0.6963435999992099,0.3381993444941074,1.433753249833127,0.3260134766733574
OS,42,HR_subsite_4,133,,,,,,,,,,,,,,,,,,,,,,1.117928923194367,0.41523535090521774,3.009775238524405,0.8253937090338381
OS,42,HR_subsite_5,133,,,,,,,,,,,,,,,,,,,,,,3.1075453023947803,0.6139184836435306,15.729837207577988,0.1705893073604332
OS,42,HR_subsite_6,133,,,,,,,,,,,,,,,,,,,,,,0.8023236594572184,0.3078589790947571,2.090967937390218,0.6522384559272276
OS,42,HR_subsite_7,133,,,,,,,,,,,,,,,,,,,,,,0.7385124939318108,0.34555938993165214,1.5783124973141587,0.43406707016764423
OS,42,HR_subsite_8,133,,,,,,,,,,,,,,,,,,,,,,4.0626696434423435,1.0587458431539019,15.589468179237699,0.041036135114624
OS,42,HR_Tx_3tier_1,133,,,,,,,,,,,,,,,,,,,,,,0.9509738326832214,0.4899082615626745,1.8459603591161755,0.8819130302342724
OS,42,HR_Tx_3tier_2,133,,,,,,,,,,,,,,,,,,,,,,1.2046119515574882,0.5421766696986734,2.676415336428281,0.647644636866073
OS,42,HR_HPV/P16_1,133,,,,,,,,,,,,,,,,,,,,,,1.947821249625517,0.3226178724448563,11.760066458008158,0.46736710483155297
OS,42,HR_HPV/P16_2,133,,,,,,,,,,,,,,,,,,,,,,0.7678618678794638,0.41059371905098513,1.4359982162077944,0.40822905730193604
OS,123,A_clinical,133,0.7977767265846736,0.7289675969725639,0.7864238410596026,0.7223426332044701,0.6896353211443244,0.07173121401926177,,,,,,,,,,,,,,,,,,,
OS,123,B_ajcc8th,133,0.8103122043519394,0.7560785241248817,0.804162724692526,0.7402235691085478,0.7139097200997727,0.07449637683167962,,,,,,,,,,,,,,,,,,,
OS,123,C_modified,133,0.8408230842005676,0.7848332544938506,0.8282580416272469,0.7783296416623913,0.7565665921078363,0.0653238219386569,,,,,,,,,,,,,,,,,,,
OS,123,B_vs_A,133,,,,,,,0.7542304593070106,0.05092521855993998,,,,,,,,,,,,,,,,,
OS,123,C_vs_A,133,,,,,,,0.9500402900886382,0.09741137252144322,,,,,,,,,,,,,,,,,
OS,123,C_vs_B,133,,,,,,,0.613215149073328,0.04648615396150324,,,,,,,,,,,,,,,,,
OS,123,S2_C_vs_B,133,,,,,,,0.613215149073328,0.04648615396150324,0.7139097200997727,0.07449637683167962,0.7565665921078363,0.0653238219386569,0.04265687200806359,-0.011561499660490882,0.12330508474576264,,,,,,,,,,
OS,123,S3_increment_C_vs_B,133,,,,,,,,,,,,,,,,0.9500402900886382,0.09741137252144322,0.7542304593070106,0.05092521855993998,0.19580983078162761,0.04648615396150324,,,,
OS,2026,A_clinical,133,0.7977767265846736,0.7308183538315989,0.783585619678335,0.7257010936577074,0.6915035474824697,0.08096317343822973,,,,,,,,,,,,,,,,,,,
OS,2026,B_ajcc8th,133,0.8103122043519394,0.7517029328287607,0.8052625354777673,0.743807588261044,0.7237242992527594,0.07655483319248522,,,,,,,,,,,,,,,,,,,
OS,2026,C_modified,133,0.8408230842005676,0.7805936613055818,0.8303098391674552,0.7834073671104875,0.7624500905951663,0.07159481416175333,,,,,,,,,,,,,,,,,,,
OS,2026,B_vs_A,133,,,,,,,0.7542304593070106,0.05092521855993998,,,,,,,,,,,,,,,,,
OS,2026,C_vs_A,133,,,,,,,0.9500402900886382,0.09741137252144322,,,,,,,,,,,,,,,,,
OS,2026,C_vs_B,133,,,,,,,0.613215149073328,0.04648615396150324,,,,,,,,,,,,,,,,,
OS,2026,S2_C_vs_B,133,,,,,,,0.613215149073328,0.04648615396150324,0.7237242992527594,0.07655483319248522,0.7624500905951663,0.07159481416175333,0.03872579134240697,-0.0243683032144571,0.10008950501644388,,,,,,,,,,
OS,2026,S3_increment_C_vs_B,133,,,,,,,,,,,,,,,,0.9500402900886382,0.09741137252144322,0.7542304593070106,0.05092521855993998,0.19580983078162761,0.04648615396150324,,,,
OS,777,A_clinical,133,0.7977767265846736,0.733112582781457,0.7855842005676442,0.725895313736036,0.6918770950562879,0.09063903989677399,,,,,,,,,,,,,,,,,,,
OS,777,B_ajcc8th,133,0.8103122043519394,0.7566225165562914,0.8052743614001892,0.7436550961673931,0.7182596280535828,0.09249300320968361,,,,,,,,,,,,,,,,,,,
OS,777,C_modified,133,0.8408230842005676,0.786341059602649,0.8295529801324503,0.7823489794152787,0.7552952658673644,0.09646495293746644,,,,,,,,,,,,,,,,,,,
OS,777,B_vs_A,133,,,,,,,0.7542304593070106,0.05092521855993998,,,,,,,,,,,,,,,,,
OS,777,C_vs_A,133,,,,,,,0.9500402900886382,0.09741137252144322,,,,,,,,,,,,,,,,,
OS,777,C_vs_B,133,,,,,,,0.613215149073328,0.04648615396150324,,,,,,,,,,,,,,,,,
OS,777,S2_C_vs_B,133,,,,,,,0.613215149073328,0.04648615396150324,0.7182596280535828,0.09249300320968361,0.7552952658673644,0.09646495293746644,0.03703563781378149,-0.06213235294117647,0.09819981998199827,,,,,,,,,,
OS,777,S3_increment_C_vs_B,133,,,,,,,,,,,,,,,,0.9500402900886382,0.09741137252144322,0.7542304593070106,0.05092521855993998,0.19580983078162761,0.04648615396150324,,,,
LRRFS,42,A_clinical,133,0.7387240009347978,0.6213075484926385,0.7138291656929189,0.6171288015917906,0.5440373590935188,0.11379677285777276,,,,,,,,,,,,,,,,,,,
LRRFS,42,B_ajcc8th,133,0.7326478149100257,0.6276057490067773,0.7152196774947418,0.6100754781508867,0.5475037290578296,0.11314450328376637,,,,,,,,,,,,,,,,,,,
LRRFS,42,C_modified,133,0.7660668380462725,0.6737672353353588,0.7543701799485861,0.6665042699845503,0.6269714908014175,0.11903666137925548,,,,,,,,,,,,,,,,,,,
LRRFS,42,B_vs_A,133,,,,,,,0.5120192307692308,0.013213853898084882,,,,,,,,,,,,,,,,,
LRRFS,42,C_vs_A,133,,,,,,,1.029647435897436,0.10043723472175128,,,,,,,,,,,,,,,,,
LRRFS,42,C_vs_B,133,,,,,,,0.9358974358974359,0.0872233808236664,,,,,,,,,,,,,,,,,
LRRFS,42,S2_C_vs_B,133,,,,,,,0.9358974358974359,0.0872233808236664,0.5475037290578296,0.11314450328376637,0.6269714908014175,0.11903666137925548,0.07946776174358793,-0.02907598877122767,0.17071264454405055,,,,,,,,,,
LRRFS,42,S3_increment_C_vs_B,133,,,,,,,,,,,,,,,,1.029647435897436,0.10043723472175128,0.5120192307692308,0.013213853898084882,0.5176282051282051,0.0872233808236664,,,,
LRRFS,42,HR_age,133,,,,,,,,,,,,,,,,,,,,,,1.0105532213847488,0.9843022526992476,1.0375042934734855,0.4343671217740722
LRRFS,42,HR_TIL,133,,,,,,,,,,,,,,,,,,,,,,1.0206864417666843,0.9230038477896451,1.1287069007363055,0.6899466223416961
LRRFS,42,HR_differentiation,133,,,,,,,,,,,,,,,,,,,,,,1.1543783081367476,0.7674501413353206,1.7363854751241927,0.49067480957645426
LRRFS,42,HR_tumor size (cm),133,,,,,,,,,,,,,,,,,,,,,,1.0181862726991275,0.8367739046716144,1.2389287956103132,0.8571372394728449
LRRFS,42,HR_DOI (mm),133,,,,,,,,,,,,,,,,,,,,,,1.032796541232519,0.9949290860471025,1.072105249048228,0.09041427063462136
LRRFS,42,HR_성별,133,,,,,,,,,,,,,,,,,,,,,,1.4806203447182755,0.8351127146851923,2.6250787069145027,0.17919218013798882
LRRFS,42,HR_budding_01vs23,133,,,,,,,,,,,,,,,,,,,,,,1.0637863963207776,0.5886762538991978,1.9223494909154664,0.8377142698539556
LRRFS,42,HR_PNI,133,,,,,,,,,,,,,,,,,,,,,,1.7809262276513422,0.8082141155267851,3.9243291689717177,0.1522190083242331
LRRFS,42,HR_LVI,133,,,,,,,,,,,,,,,,,,,,,,1.2452623022290275,0.5458842981802304,2.8406719272236,0.6021599693074773
LRRFS,42,HR_RM,133,,,,,,,,,,,,,,,,,,,,,,0.6602720205400593,0.2769608021997401,1.5740824609312225,0.3490282381670955
LRRFS,42,HR_TSR,133,,,,,,,,,,,,,,,,,,,,,,0.508987702908355,0.19382205599315547,1.3366305521032784,0.17039188061791116
LRRFS,42,HR_WPOI5_2tier,133,,,,,,,,,,,,,,,,,,,,,,0.7382773999273948,0.34180361533533316,1.5946394209693162,0.4399462907619497
LRRFS,42,HR_subsite_2,133,,,,,,,,,,,,,,,,,,,,,,1.264304912234772,0.4023347804192703,3.9729772042954457,0.6880900616199521
LRRFS,42,HR_subsite_3,133,,,,,,,,,,,,,,,,,,,,,,1.066515260218113,0.527045908754726,2.1581702492779464,0.8578883935351952
LRRFS,42,HR_subsite_4,133,,,,,,,,,,,,,,,,,,,,,,0.8703116620188068,0.2934382759593928,2.581266491460562,0.8022668276105148
LRRFS,42,HR_subsite_5,133,,,,,,,,,,,,,,,,,,,,,,4.482872897380238,0.8111078165009131,24.776175257144327,0.08544095065972258
LRRFS,42,HR_subsite_6,133,,,,,,,,,,,,,,,,,,,,,,1.87311045262932,0.7910234109133738,4.435447446110343,0.15359325118911718
LRRFS,42,HR_subsite_7,133,,,,,,,,,,,,,,,,,,,,,,1.2140307999298576,0.5887703849754626,2.503303190495483,0.5993880699887664
LRRFS,42,HR_subsite_8,133,,,,,,,,,,,,,,,,,,,,,,2.907053526875943,0.6175579983029413,13.68448021294393,0.17696610748869984
LRRFS,42,HR_Tx_3tier_1,133,,,,,,,,,,,,,,,,,,,,,,0.9333624447491781,0.4926896738013971,1.768182894004246,0.8324579540805341
LRRFS,42,HR_Tx_3tier_2,133,,,,,,,,,,,,,,,,,,,,,,1.2744993346532718,0.5950798067808829,2.7296314469459744,0.5324988089233686
LRRFS,42,HR_HPV/P16_1,133,,,,,,,,,,,,,,,,,,,,,,0.3180225810785801,0.014643885689703661,6.906524963315853,0.46571064456054534
LRRFS,42,HR_HPV/P16_2,133,,,,,,,,,,,,,,,,,,,,,,0.6765880080577938,0.3635913092147551,1.2590271578169951,0.21756905550069436
LRRFS,123,A_clinical,133,0.7387240009347978,0.6179948586118252,0.7127833605982706,0.6197984059209305,0.5555864413278232,0.11650310284499553,,,,,,,,,,,,,,,,,,,
LRRFS,123,B_ajcc8th,133,0.7326478149100257,0.6210037391913998,0.7154884318766067,0.6131439149432625,0.5585576654375761,0.11582824053599258,,,,,,,,,,,,,,,,,,,
LRRFS,123,C_modified,133,0.7660668380462725,0.6587228324374854,0.7533827997195607,0.6676181809408668,0.6312707468632152,0.11468604051774103,,,,,,,,,,,,,,,,,,,
LRRFS,123,B_vs_A,133,,,,,,,0.5120192307692308,0.013213853898084882,,,,,,,,,,,,,,,,,
LRRFS,123,C_vs_A,133,,,,,,,1.029647435897436,0.10043723472175128,,,,,,,,,,,,,,,,,
LRRFS,123,C_vs_B,133,,,,,,,0.9358974358974359,0.0872233808236664,,,,,,,,,,,,,,,,,
LRRFS,123,S2_C_vs_B,133,,,,,,,0.9358974358974359,0.0872233808236664,0.5585576654375761,0.11582824053599258,0.6312707468632152,0.11468604051774103,0.07271308142563901,-0.004103948908557012,0.1802331908278274,,,,,,,,,,
LRRFS,123,S3_increment_C_vs_B,133,,,,,,,,,,,,,,,,1.029647435897436,0.10043723472175128,0.5120192307692308,0.013213853898084882,0.5176282051282051,0.0872233808236664,,,,
LRRFS,2026,A_clinical,133,0.7387240009347978,0.6189413414349147,0.7152488899275532,0.6187495862501106,0.5642879129477837,0.09987472171097561,,,,,,,,,,,,,,,,,,,
LRRFS,2026,B_ajcc8th,133,0.7326478149100257,0.6307782192100958,0.7165692918906287,0.6116963561821323,0.5647374985730441,0.09590623951326294,,,,,,,,,,,,,,,,,,,
LRRFS,2026,C_modified,133,0.7660668380462725,0.6751928020565553,0.7557840616966581,0.6678658642331283,0.6431226302602709,0.09676959121166374,,,,,,,,,,,,,,,,,,,
LRRFS,2026,B_vs_A,133,,,,,,,0.5120192307692308,0.013213853898084882,,,,,,,,,,,,,,,,,
LRRFS,2026,C_vs_A,133,,,,,,,1.029647435897436,0.10043723472175128,,,,,,,,,,,,,,,,,
LRRFS,2026,C_vs_B,133,,,,,,,0.9358974358974359,0.0872233808236664,,,,,,,,,,,,,,,,,
LRRFS,2026,S2_C_vs_B,133,,,,,,,0.9358974358974359,0.0872233808236664,0.5647374985730441,0.09590623951326294,0.6431226302602709,0.09676959121166374,0.07838513168722677,0.004861111111111105,0.1765517241379309,,,,,,,,,,
LRRFS,2026,S3_increment_C_vs_B,133,,,,,,,,,,,,,,,,1.029647435897436,0.10043723472175128,0.5120192307692308,0.013213853898084882,0.5176282051282051,0.0872233808236664,,,,
LRRFS,777,A_clinical,133,0.7387240009347978,0.6323907455012854,0.7097218976396354,0.6218140328536429,0.5427531674897609,0.09496613218687543,,,,,,,,,,,,,,,,,,,
LRRFS,777,B_ajcc8th,133,0.7326478149100257,0.6347511100724468,0.7094180883383968,0.6155892684346402,0.54656206392604,0.0916105569765503,,,,,,,,,,,,,,,,,,,
LRRFS,777,C_modified,133,0.7660668380462725,0.6858144426267819,0.7534353820986212,0.6714600408738505,0.6268063962916154,0.08893420981444423,,,,,,,,,,,,,,,,,,,
LRRFS,777,B_vs_A,133,,,,,,,0.5120192307692308,0.013213853898084882,,,,,,,,,,,,,,,,,
LRRFS,777,C_vs_A,133,,,,,,,1.029647435897436,0.10043723472175128,,,,,,,,,,,,,,,,,
LRRFS,777,C_vs_B,133,,,,,,,0.9358974358974359,0.0872233808236664,,,,,,,,,,,,,,,,,
LRRFS,777,S2_C_vs_B,133,,,,,,,0.9358974358974359,0.0872233808236664,0.54656206392604,0.0916105569765503,0.6268063962916154,0.08893420981444423,0.08024433236557543,0.018018497757847474,0.1861159420289855,,,,,,,,,,
LRRFS,777,S3_increment_C_vs_B,133,,,,,,,,,,,,,,,,1.029647435897436,0.10043723472175128,0.5120192307692308,0.013213853898084882,0.5176282051282051,0.0872233808236664,,,,
