model,y,seed,var,importance
Logistic,PFS,42,age,0.3130608376301606
Logistic,PFS,42,성별,0.49829581482540375
Logistic,PFS,42,tumor size (cm),0.5915002118639003
Logistic,PFS,42,DOI (mm),0.5410338880950843
Logistic,PFS,42,differentiation,0.5640948293185211
Logistic,PFS,42,budding_01vs23,0.27505675715216993
Logistic,PFS,42,PNI,0.38644384765788464
Logistic,PFS,42,LVI,0.5292128228097835
Logistic,PFS,42,RM,0.28660837734263905
Logistic,PFS,42,TIL,0.5263355755147225
Logistic,PFS,42,TSR,0.5491841672172513
Logistic,PFS,42,WPOI5_2tier,0.39329656577590194
Logistic,PFS,42,HPV/P16_1,0.2707044244936502
Logistic,PFS,42,HPV/P16_2,0.4215117215393157
Logistic,PFS,42,CCRT_bin,0.17658460306184268
Logistic,PFS,42,Node_known,0.20254983608878865
Logistic,PFS,42,bone invasion_known,0.4206246503793588
Logistic,PFS,42,depth of bone invasion (mm)_known,0.49636953770426767
Logistic,PFS,42,LN meta count_known,0.20254983608878865
Logistic,PFS,42,contra_bilateral_known,0.20254983608878865
Logistic,PFS,42,largest node (mm)_known,0.1815996569934325
Logistic,PFS,42,LN tumor size (mm)_known,0.1815996569934325
Logistic,PFS,42,ENE_known,0.1815996569934325
Logistic,PFS,42,N stage_known,0.07545357481423039
Logistic,PFS,42,subsite_2,0.3079600804325412
Logistic,PFS,42,subsite_3,0.17016681192028338
Logistic,PFS,42,subsite_4,0.2706350699682603
Logistic,PFS,42,subsite_5,0.5756269758670736
Logistic,PFS,42,subsite_6,0.31721999844398774
Logistic,PFS,42,subsite_7,0.4673673344064541
Logistic,PFS,42,subsite_8,0.4101195222124795
Logistic,PFS,42,Tx_3tier_1,0.29073592174137064
Logistic,PFS,42,Tx_3tier_2,0.427980307337365
Logistic,PFS,123,age,0.33658699540207826
Logistic,PFS,123,성별,0.5300339954246918
Logistic,PFS,123,tumor size (cm),0.42320479457479115
Logistic,PFS,123,DOI (mm),0.3152464198702227
Logistic,PFS,123,differentiation,0.4757524133078618
Logistic,PFS,123,budding_01vs23,0.1568775208501025
Logistic,PFS,123,PNI,0.26239192284711377
Logistic,PFS,123,LVI,0.4730597486777035
Logistic,PFS,123,RM,0.33684366170612234
Logistic,PFS,123,TIL,0.3601276272728271
Logistic,PFS,123,TSR,0.430266026071361
Logistic,PFS,123,WPOI5_2tier,0.166243141339822
Logistic,PFS,123,HPV/P16_1,0.2543073883811293
Logistic,PFS,123,HPV/P16_2,0.5000373080368183
Logistic,PFS,123,CCRT_bin,0.13151454244920766
Logistic,PFS,123,Node_known,0.24906667486339681
Logistic,PFS,123,bone invasion_known,0.5204222443589777
Logistic,PFS,123,depth of bone invasion (mm)_known,0.31579198895734323
Logistic,PFS,123,LN meta count_known,0.24906667486339681
Logistic,PFS,123,contra_bilateral_known,0.24906667486339681
Logistic,PFS,123,largest node (mm)_known,0.3062008833722023
Logistic,PFS,123,LN tumor size (mm)_known,0.3062008833722023
Logistic,PFS,123,ENE_known,0.3062008833722023
Logistic,PFS,123,N stage_known,0.5107726914771313
Logistic,PFS,123,subsite_2,0.11892954731947888
Logistic,PFS,123,subsite_3,0.3537353712626766
Logistic,PFS,123,subsite_4,0.45010357838920323
Logistic,PFS,123,subsite_5,0.36311216349462416
Logistic,PFS,123,subsite_6,0.3546089177856464
Logistic,PFS,123,subsite_7,0.3624958221943976
Logistic,PFS,123,subsite_8,0.42492102331235804
Logistic,PFS,123,Tx_3tier_1,0.16236087341509223
Logistic,PFS,123,Tx_3tier_2,0.050324190874740715
Logistic,PFS,2026,age,0.5561321920121596
Logistic,PFS,2026,성별,0.2738835673426656
Logistic,PFS,2026,tumor size (cm),0.463040796185797
Logistic,PFS,2026,DOI (mm),0.6838985779847254
Logistic,PFS,2026,differentiation,0.22619414409765365
Logistic,PFS,2026,budding_01vs23,0.3634981598169603
Logistic,PFS,2026,PNI,0.32984298187903477
Logistic,PFS,2026,LVI,0.6744502452798817
Logistic,PFS,2026,RM,0.2912424836192548
Logistic,PFS,2026,TIL,0.3487647678124593
Logistic,PFS,2026,TSR,0.41292962312169373
Logistic,PFS,2026,WPOI5_2tier,0.3444996472407754
Logistic,PFS,2026,HPV/P16_1,0.1611106813615864
Logistic,PFS,2026,HPV/P16_2,0.3275674607297204
Logistic,PFS,2026,CCRT_bin,0.15408517813279637
Logistic,PFS,2026,Node_known,0.17978466524405373
Logistic,PFS,2026,bone invasion_known,0.5345599859886788
Logistic,PFS,2026,depth of bone invasion (mm)_known,0.28389994507310884
Logistic,PFS,2026,LN meta count_known,0.17978466524405373
Logistic,PFS,2026,contra_bilateral_known,0.17978466524405373
Logistic,PFS,2026,largest node (mm)_known,0.27825769457549454
Logistic,PFS,2026,LN tumor size (mm)_known,0.27825769457549454
Logistic,PFS,2026,ENE_known,0.27825769457549454
Logistic,PFS,2026,N stage_known,0.03302761984359716
Logistic,PFS,2026,subsite_2,0.32803225240392603
Logistic,PFS,2026,subsite_3,0.44120731562344223
Logistic,PFS,2026,subsite_4,0.4518759354626818
Logistic,PFS,2026,subsite_5,0.6075152734770571
Logistic,PFS,2026,subsite_6,0.21812906869812668
Logistic,PFS,2026,subsite_7,0.45874009074683586
Logistic,PFS,2026,subsite_8,0.7345222659009994
Logistic,PFS,2026,Tx_3tier_1,0.20064868652093243
Logistic,PFS,2026,Tx_3tier_2,0.12474513988013547
Logistic,PFS,777,age,0.3237377216208792
Logistic,PFS,777,성별,0.4001989647063807
Logistic,PFS,777,tumor size (cm),0.4864146891639196
Logistic,PFS,777,DOI (mm),1.0630551851976002
Logistic,PFS,777,differentiation,0.5729332346895267
Logistic,PFS,777,budding_01vs23,0.3350119306086693
Logistic,PFS,777,PNI,0.6631576320340209
Logistic,PFS,777,LVI,0.6404939011781491
Logistic,PFS,777,RM,0.3893098634448525
Logistic,PFS,777,TIL,0.5041095233128494
Logistic,PFS,777,TSR,0.49985520343890927
Logistic,PFS,777,WPOI5_2tier,0.33276358567010994
Logistic,PFS,777,HPV/P16_1,0.28921241487905575
Logistic,PFS,777,HPV/P16_2,0.5085973908503879
Logistic,PFS,777,CCRT_bin,0.394805162311371
Logistic,PFS,777,Node_known,0.23585803441555536
Logistic,PFS,777,bone invasion_known,0.48038148049485396
Logistic,PFS,777,depth of bone invasion (mm)_known,0.5749034384084253
Logistic,PFS,777,LN meta count_known,0.23585803441555536
Logistic,PFS,777,contra_bilateral_known,0.23585803441555536
Logistic,PFS,777,largest node (mm)_known,0.23315253932904065
Logistic,PFS,777,LN tumor size (mm)_known,0.23315253932904065
Logistic,PFS,777,ENE_known,0.23315253932904065
Logistic,PFS,777,N stage_known,0.34602398391006384
Logistic,PFS,777,subsite_2,0.21551643344780458
Logistic,PFS,777,subsite_3,0.28595692673693884
Logistic,PFS,777,subsite_4,0.23289768724434926
Logistic,PFS,777,subsite_5,0.37340268223925455
Logistic,PFS,777,subsite_6,0.2572105870492894
Logistic,PFS,777,subsite_7,0.4977285972204248
Logistic,PFS,777,subsite_8,0.5059627530521447
Logistic,PFS,777,Tx_3tier_1,0.24089477234461923
Logistic,PFS,777,Tx_3tier_2,0.37587915619620615
Lasso,PFS,42,age,0.03278524448905007
Lasso,PFS,42,성별,0.06018708379772675
Lasso,PFS,42,tumor size (cm),0.06619905431427923
Lasso,PFS,42,DOI (mm),0.04225741959021148
Lasso,PFS,42,differentiation,0.06225884555858383
Lasso,PFS,42,budding_01vs23,0.026454660231998404
Lasso,PFS,42,PNI,0.04743670570643415
Lasso,PFS,42,LVI,0.07008066326019521
Lasso,PFS,42,RM,0.028829794573841282
Lasso,PFS,42,TIL,0.04219398760190657
Lasso,PFS,42,TSR,0.06199925775778564
Lasso,PFS,42,WPOI5_2tier,0.02901355444340321
Lasso,PFS,42,HPV/P16_1,0.016543069870878706
Lasso,PFS,42,HPV/P16_2,0.0460987126750008
Lasso,PFS,42,CCRT_bin,0.0073547604314956674
Lasso,PFS,42,Node_known,0.049462408284140676
Lasso,PFS,42,bone invasion_known,0.03829472882064362
Lasso,PFS,42,depth of bone invasion (mm)_known,0.054167372652455435
Lasso,PFS,42,LN meta count_known,0.011847872781750127
Lasso,PFS,42,contra_bilateral_known,2.1715962361668089e-16
Lasso,PFS,42,largest node (mm)_known,0.08733543390772916
Lasso,PFS,42,LN tumor size (mm)_known,3.1974423109204506e-17
Lasso,PFS,42,ENE_known,8.88178419700126e-19
Lasso,PFS,42,N stage_known,0.0028679368982447114
Lasso,PFS,42,subsite_2,0.018982436765246025
Lasso,PFS,42,subsite_3,0.008162614728078697
Lasso,PFS,42,subsite_4,0.024280977572086734
Lasso,PFS,42,subsite_5,0.08637739741107489
Lasso,PFS,42,subsite_6,0.03152575417003177
Lasso,PFS,42,subsite_7,0.04423533316844837
Lasso,PFS,42,subsite_8,0.03968809627857921
Lasso,PFS,42,Tx_3tier_1,0.024432975418377308
Lasso,PFS,42,Tx_3tier_2,0.05030227226374719
Lasso,PFS,123,age,0.03550765180480851
Lasso,PFS,123,성별,0.06016295537797275
Lasso,PFS,123,tumor size (cm),0.03994910386456453
Lasso,PFS,123,DOI (mm),0.02245049666634302
Lasso,PFS,123,differentiation,0.05124872637336647
Lasso,PFS,123,budding_01vs23,0.014274031245180651
Lasso,PFS,123,PNI,0.023157638413208476
Lasso,PFS,123,LVI,0.061709145807422615
Lasso,PFS,123,RM,0.03525073536894197
Lasso,PFS,123,TIL,0.031100656432807895
Lasso,PFS,123,TSR,0.04840642715533664
Lasso,PFS,123,WPOI5_2tier,0.006232354856386556
Lasso,PFS,123,HPV/P16_1,0.022820567419042464
Lasso,PFS,123,HPV/P16_2,0.06851997002152163
Lasso,PFS,123,CCRT_bin,0.012551079172326073
Lasso,PFS,123,Node_known,0.07629074963098885
Lasso,PFS,123,bone invasion_known,0.06995490753768371
Lasso,PFS,123,depth of bone invasion (mm)_known,0.02641761116299889
Lasso,PFS,123,LN meta count_known,0.012573442897516723
Lasso,PFS,123,contra_bilateral_known,1.2478906796786746e-16
Lasso,PFS,123,largest node (mm)_known,0.12940053434539692
Lasso,PFS,123,LN tumor size (mm)_known,3.064215547965434e-17
Lasso,PFS,123,ENE_known,1.776356839400252e-18
Lasso,PFS,123,N stage_known,0.06505226657084802
Lasso,PFS,123,subsite_2,0.00773134943535333
Lasso,PFS,123,subsite_3,0.029980698689164663
Lasso,PFS,123,subsite_4,0.0301047686001215
Lasso,PFS,123,subsite_5,0.048146396756039836
Lasso,PFS,123,subsite_6,0.0422094216997771
Lasso,PFS,123,subsite_7,0.03318701415372784
Lasso,PFS,123,subsite_8,0.048249549304095876
Lasso,PFS,123,Tx_3tier_1,0.011690829664625393
Lasso,PFS,123,Tx_3tier_2,0.00270576503987226
Lasso,PFS,2026,age,0.055832007214194235
Lasso,PFS,2026,성별,0.026861176519707465
Lasso,PFS,2026,tumor size (cm),0.04059662143995546
Lasso,PFS,2026,DOI (mm),0.08393317300215544
Lasso,PFS,2026,differentiation,0.013196074008695723
Lasso,PFS,2026,budding_01vs23,0.02941033063374209
Lasso,PFS,2026,PNI,0.03124946188432337
Lasso,PFS,2026,LVI,0.0890803926096352
Lasso,PFS,2026,RM,0.016596474874845533
Lasso,PFS,2026,TIL,0.03116469013980961
Lasso,PFS,2026,TSR,0.040879650261931036
Lasso,PFS,2026,WPOI5_2tier,0.02199901867356758
Lasso,PFS,2026,HPV/P16_1,0.0034281558610372866
Lasso,PFS,2026,HPV/P16_2,0.03340090909792388
Lasso,PFS,2026,CCRT_bin,0.01834480804909049
Lasso,PFS,2026,Node_known,0.048598580940863334
Lasso,PFS,2026,bone invasion_known,0.0756033035926456
Lasso,PFS,2026,depth of bone invasion (mm)_known,0.02388665480836969
Lasso,PFS,2026,LN meta count_known,0.006241370854361723
Lasso,PFS,2026,contra_bilateral_known,3.819167204710536e-17
Lasso,PFS,2026,largest node (mm)_known,0.12121641970378616
Lasso,PFS,2026,LN tumor size (mm)_known,7.549516567451062e-18
Lasso,PFS,2026,ENE_known,4.884981308350688e-18
Lasso,PFS,2026,N stage_known,0.012193797468218982
Lasso,PFS,2026,subsite_2,0.03157364821782255
Lasso,PFS,2026,subsite_3,0.02814551517390469
Lasso,PFS,2026,subsite_4,0.038880538256008935
Lasso,PFS,2026,subsite_5,0.074127108366895
Lasso,PFS,2026,subsite_6,0.012090364444171352
Lasso,PFS,2026,subsite_7,0.04954462295365381
Lasso,PFS,2026,subsite_8,0.09871249921299882
Lasso,PFS,2026,Tx_3tier_1,0.0193360799677318
Lasso,PFS,2026,Tx_3tier_2,0.0016932627257461041
Lasso,PFS,777,age,0.015470740088247687
Lasso,PFS,777,성별,0.04085599258951721
Lasso,PFS,777,tumor size (cm),0.04539944859269203
Lasso,PFS,777,DOI (mm),0.11594557686122424
Lasso,PFS,777,differentiation,0.06127609121221743
Lasso,PFS,777,budding_01vs23,0.030336709504403
Lasso,PFS,777,PNI,0.06728197698782204
Lasso,PFS,777,LVI,0.07677483493663785
Lasso,PFS,777,RM,0.028226947778725402
Lasso,PFS,777,TIL,0.055018353015594955
Lasso,PFS,777,TSR,0.03916305594089107
Lasso,PFS,777,WPOI5_2tier,0.024788329455025453
Lasso,PFS,777,HPV/P16_1,0.014985595790204528
Lasso,PFS,777,HPV/P16_2,0.052940591487412134
Lasso,PFS,777,CCRT_bin,0.04698629265323804
Lasso,PFS,777,Node_known,0.083355394559986
Lasso,PFS,777,bone invasion_known,0.04090796905332379
Lasso,PFS,777,depth of bone invasion (mm)_known,0.058054119011123076
Lasso,PFS,777,LN meta count_known,0.004549416790112605
Lasso,PFS,777,contra_bilateral_known,1.7319479184152417e-17
Lasso,PFS,777,largest node (mm)_known,0.08478411971224939
Lasso,PFS,777,LN tumor size (mm)_known,4.9293902293356945e-17
Lasso,PFS,777,ENE_known,4.440892098500624e-19
Lasso,PFS,777,N stage_known,0.04607335312853156
Lasso,PFS,777,subsite_2,0.009066770267665954
Lasso,PFS,777,subsite_3,0.02788979267892856
Lasso,PFS,777,subsite_4,0.02677232470410145
Lasso,PFS,777,subsite_5,0.04613222547457402
Lasso,PFS,777,subsite_6,0.007917323203803783
Lasso,PFS,777,subsite_7,0.03224376193472637
Lasso,PFS,777,subsite_8,0.05485192480908141
Lasso,PFS,777,Tx_3tier_1,0.0036717022492916405
Lasso,PFS,777,Tx_3tier_2,0.04623353143795845
DecisionTree,PFS,42,age,0.04338355557457223
DecisionTree,PFS,42,성별,0.042395756249145274
DecisionTree,PFS,42,tumor size (cm),0.20155410590166145
DecisionTree,PFS,42,DOI (mm),0.22608816582034721
DecisionTree,PFS,42,differentiation,0.0
DecisionTree,PFS,42,budding_01vs23,0.015501382733885016
DecisionTree,PFS,42,PNI,0.06747263990102229
DecisionTree,PFS,42,LVI,0.0521344348183427
DecisionTree,PFS,42,RM,0.0
DecisionTree,PFS,42,TIL,0.021300074981044522
DecisionTree,PFS,42,TSR,0.0
DecisionTree,PFS,42,WPOI5_2tier,0.01737796723647751
DecisionTree,PFS,42,HPV/P16_1,0.0
DecisionTree,PFS,42,HPV/P16_2,0.03867088504289745
DecisionTree,PFS,42,CCRT_bin,0.027815429974912716
DecisionTree,PFS,42,Node_known,0.0
DecisionTree,PFS,42,bone invasion_known,0.0
DecisionTree,PFS,42,depth of bone invasion (mm)_known,0.0
DecisionTree,PFS,42,LN meta count_known,0.0
DecisionTree,PFS,42,contra_bilateral_known,0.0
DecisionTree,PFS,42,largest node (mm)_known,0.0
DecisionTree,PFS,42,LN tumor size (mm)_known,0.03597077220635379
DecisionTree,PFS,42,ENE_known,0.08331769303496998
DecisionTree,PFS,42,N stage_known,0.0
DecisionTree,PFS,42,subsite_2,0.0
DecisionTree,PFS,42,subsite_3,0.0
DecisionTree,PFS,42,subsite_4,0.0
DecisionTree,PFS,42,subsite_5,0.0
DecisionTree,PFS,42,subsite_6,0.0
DecisionTree,PFS,42,subsite_7,0.0
DecisionTree,PFS,42,subsite_8,0.0
DecisionTree,PFS,42,Tx_3tier_1,0.06142746068812992
DecisionTree,PFS,42,Tx_3tier_2,0.06558967583623788
DecisionTree,PFS,123,age,0.1706491337756107
DecisionTree,PFS,123,성별,0.05634693363965815
DecisionTree,PFS,123,tumor size (cm),0.13352269205586859
DecisionTree,PFS,123,DOI (mm),0.16813325602046308
DecisionTree,PFS,123,differentiation,0.017158170380019808
DecisionTree,PFS,123,budding_01vs23,0.004123079964845315
DecisionTree,PFS,123,PNI,0.05624791938185027
DecisionTree,PFS,123,LVI,0.0909686071774359
DecisionTree,PFS,123,RM,0.0
DecisionTree,PFS,123,TIL,0.0010611281238156907
DecisionTree,PFS,123,TSR,0.0017830467280296504
DecisionTree,PFS,123,WPOI5_2tier,0.0
DecisionTree,PFS,123,HPV/P16_1,0.0
DecisionTree,PFS,123,HPV/P16_2,0.06410296311024301
DecisionTree,PFS,123,CCRT_bin,0.022222800409560706
DecisionTree,PFS,123,Node_known,0.0
DecisionTree,PFS,123,bone invasion_known,0.0
DecisionTree,PFS,123,depth of bone invasion (mm)_known,0.0
DecisionTree,PFS,123,LN meta count_known,0.0
DecisionTree,PFS,123,contra_bilateral_known,0.0
DecisionTree,PFS,123,largest node (mm)_known,0.0
DecisionTree,PFS,123,LN tumor size (mm)_known,0.036975303190863056
DecisionTree,PFS,123,ENE_known,0.07040480836812743
DecisionTree,PFS,123,N stage_known,0.0
DecisionTree,PFS,123,subsite_2,0.0
DecisionTree,PFS,123,subsite_3,0.08273906779036663
DecisionTree,PFS,123,subsite_4,0.0014852732504939807
DecisionTree,PFS,123,subsite_5,0.0
DecisionTree,PFS,123,subsite_6,0.0
DecisionTree,PFS,123,subsite_7,0.0
DecisionTree,PFS,123,subsite_8,0.0
DecisionTree,PFS,123,Tx_3tier_1,0.02207581663274808
DecisionTree,PFS,123,Tx_3tier_2,0.0
DecisionTree,PFS,2026,age,0.12641461253047553
DecisionTree,PFS,2026,성별,0.005886425930129161
DecisionTree,PFS,2026,tumor size (cm),0.11641140534946497
DecisionTree,PFS,2026,DOI (mm),0.2965925368105541
DecisionTree,PFS,2026,differentiation,0.0
DecisionTree,PFS,2026,budding_01vs23,0.0
DecisionTree,PFS,2026,PNI,0.017754704737183664
DecisionTree,PFS,2026,LVI,0.07020487145329811
DecisionTree,PFS,2026,RM,0.0
DecisionTree,PFS,2026,TIL,0.06004082147384263
DecisionTree,PFS,2026,TSR,0.0
DecisionTree,PFS,2026,WPOI5_2tier,0.0
DecisionTree,PFS,2026,HPV/P16_1,0.0
DecisionTree,PFS,2026,HPV/P16_2,0.053036310507077876
DecisionTree,PFS,2026,CCRT_bin,0.042763282270495286
DecisionTree,PFS,2026,Node_known,0.0
DecisionTree,PFS,2026,bone invasion_known,0.0
DecisionTree,PFS,2026,depth of bone invasion (mm)_known,0.0
DecisionTree,PFS,2026,LN meta count_known,0.0
DecisionTree,PFS,2026,contra_bilateral_known,0.0
DecisionTree,PFS,2026,largest node (mm)_known,0.0
DecisionTree,PFS,2026,LN tumor size (mm)_known,0.06645732283185915
DecisionTree,PFS,2026,ENE_known,0.04475172765788456
DecisionTree,PFS,2026,N stage_known,0.0
DecisionTree,PFS,2026,subsite_2,0.0
DecisionTree,PFS,2026,subsite_3,0.023974913867902035
DecisionTree,PFS,2026,subsite_4,0.0
DecisionTree,PFS,2026,subsite_5,0.0
DecisionTree,PFS,2026,subsite_6,0.0
DecisionTree,PFS,2026,subsite_7,0.0
DecisionTree,PFS,2026,subsite_8,0.03841622775348765
DecisionTree,PFS,2026,Tx_3tier_1,0.03729483682634518
DecisionTree,PFS,2026,Tx_3tier_2,0.0
DecisionTree,PFS,777,age,0.10020713115615405
DecisionTree,PFS,777,성별,0.0
DecisionTree,PFS,777,tumor size (cm),0.09848331790913198
DecisionTree,PFS,777,DOI (mm),0.3517203268757514
DecisionTree,PFS,777,differentiation,0.05334656286337654
DecisionTree,PFS,777,budding_01vs23,0.012202834448882517
DecisionTree,PFS,777,PNI,0.0
DecisionTree,PFS,777,LVI,0.06706072922497866
DecisionTree,PFS,777,RM,0.0
DecisionTree,PFS,777,TIL,0.02520541500073372
DecisionTree,PFS,777,TSR,0.0
DecisionTree,PFS,777,WPOI5_2tier,0.0
DecisionTree,PFS,777,HPV/P16_1,0.0
DecisionTree,PFS,777,HPV/P16_2,0.03236951658123531
DecisionTree,PFS,777,CCRT_bin,0.026334557620895295
DecisionTree,PFS,777,Node_known,0.0
DecisionTree,PFS,777,bone invasion_known,0.010517654634565162
DecisionTree,PFS,777,depth of bone invasion (mm)_known,0.0
DecisionTree,PFS,777,LN meta count_known,0.0
DecisionTree,PFS,777,contra_bilateral_known,0.0
DecisionTree,PFS,777,largest node (mm)_known,0.08617304391911396
DecisionTree,PFS,777,LN tumor size (mm)_known,0.0
DecisionTree,PFS,777,ENE_known,0.020430846359097855
DecisionTree,PFS,777,N stage_known,0.0
DecisionTree,PFS,777,subsite_2,0.0
DecisionTree,PFS,777,subsite_3,0.02373436061368154
DecisionTree,PFS,777,subsite_4,0.02104579349954718
DecisionTree,PFS,777,subsite_5,0.0
DecisionTree,PFS,777,subsite_6,0.0
DecisionTree,PFS,777,subsite_7,0.023939656007579812
DecisionTree,PFS,777,subsite_8,0.0
DecisionTree,PFS,777,Tx_3tier_1,0.0
DecisionTree,PFS,777,Tx_3tier_2,0.04722825328527504
Logistic,DSS,42,age,0.3047367133989926
Logistic,DSS,42,성별,0.195789928769537
Logistic,DSS,42,tumor size (cm),0.6081540209907988
Logistic,DSS,42,DOI (mm),0.7287361602800171
Logistic,DSS,42,differentiation,0.8784776172589813
Logistic,DSS,42,budding_01vs23,0.3443604313091404
Logistic,DSS,42,PNI,0.28241823613330597
Logistic,DSS,42,LVI,0.4901652188686163
Logistic,DSS,42,RM,0.35482031113937573
Logistic,DSS,42,TIL,0.47521548201247726
Logistic,DSS,42,TSR,0.8329958413929314
Logistic,DSS,42,WPOI5_2tier,0.23421746536784793
Logistic,DSS,42,HPV/P16_1,0.035372238911934695
Logistic,DSS,42,HPV/P16_2,0.9515233676524488
Logistic,DSS,42,CCRT_bin,0.4515942070374074
Logistic,DSS,42,Node_known,0.12410807514503126
Logistic,DSS,42,bone invasion_known,0.25741740443526123
Logistic,DSS,42,depth of bone invasion (mm)_known,1.0278588636509762
Logistic,DSS,42,LN meta count_known,0.12410807514503126
Logistic,DSS,42,contra_bilateral_known,0.12410807514503126
Logistic,DSS,42,largest node (mm)_known,0.24662294035950588
Logistic,DSS,42,LN tumor size (mm)_known,0.24662294035950588
Logistic,DSS,42,ENE_known,0.24662294035950588
Logistic,DSS,42,N stage_known,0.16433763120564446
Logistic,DSS,42,subsite_2,0.34881093244364186
Logistic,DSS,42,subsite_3,0.3907093441568973
Logistic,DSS,42,subsite_4,0.43735953781472414
Logistic,DSS,42,subsite_5,0.3390607062247299
Logistic,DSS,42,subsite_6,0.22818316372228176
Logistic,DSS,42,subsite_7,1.0257757577547717
Logistic,DSS,42,subsite_8,0.08789196755718084
Logistic,DSS,42,Tx_3tier_1,0.3347885352996273
Logistic,DSS,42,Tx_3tier_2,0.15226201678646661
Logistic,DSS,123,age,0.21516744939157614
Logistic,DSS,123,성별,0.42102328421308366
Logistic,DSS,123,tumor size (cm),0.8246391018960301
Logistic,DSS,123,DOI (mm),0.9204366333476042
Logistic,DSS,123,differentiation,0.4122757964745807
Logistic,DSS,123,budding_01vs23,0.328032481714548
Logistic,DSS,123,PNI,0.29063411705693554
Logistic,DSS,123,LVI,0.2519375304761283
Logistic,DSS,123,RM,0.40911479691993247
Logistic,DSS,123,TIL,0.1898692821568031
Logistic,DSS,123,TSR,0.8214174299452196
Logistic,DSS,123,WPOI5_2tier,0.31122850317608
Logistic,DSS,123,HPV/P16_1,0.03110910460845891
Logistic,DSS,123,HPV/P16_2,0.6600957385169623
Logistic,DSS,123,CCRT_bin,0.39114116387587644
Logistic,DSS,123,Node_known,0.0755065332404399
Logistic,DSS,123,bone invasion_known,0.46206647560252706
Logistic,DSS,123,depth of bone invasion (mm)_known,1.2363371941121795
Logistic,DSS,123,LN meta count_known,0.0755065332404399
Logistic,DSS,123,contra_bilateral_known,0.0755065332404399
Logistic,DSS,123,largest node (mm)_known,0.16282861081031114
Logistic,DSS,123,LN tumor size (mm)_known,0.16282861081031114
Logistic,DSS,123,ENE_known,0.16282861081031114
Logistic,DSS,123,N stage_known,0.14661382513060645
Logistic,DSS,123,subsite_2,0.23911307034336615
Logistic,DSS,123,subsite_3,0.2962619417141282
Logistic,DSS,123,subsite_4,0.4059791734793577
Logistic,DSS,123,subsite_5,0.23354601755695917
Logistic,DSS,123,subsite_6,0.3152532394568724
Logistic,DSS,123,subsite_7,0.7378475338575745
Logistic,DSS,123,subsite_8,0.1938064006612341
Logistic,DSS,123,Tx_3tier_1,0.36920604749040475
Logistic,DSS,123,Tx_3tier_2,0.09724677894278799
Logistic,DSS,2026,age,0.33042758528617794
Logistic,DSS,2026,성별,0.5151926098095414
Logistic,DSS,2026,tumor size (cm),0.5467669405786166
Logistic,DSS,2026,DOI (mm),0.9942928280823553
Logistic,DSS,2026,differentiation,0.7683759270698658
Logistic,DSS,2026,budding_01vs23,0.3485874593425783
Logistic,DSS,2026,PNI,0.4252224392498115
Logistic,DSS,2026,LVI,0.5124606487557222
Logistic,DSS,2026,RM,0.286529941036384
Logistic,DSS,2026,TIL,0.4162053339227558
Logistic,DSS,2026,TSR,0.6133173255403142
Logistic,DSS,2026,WPOI5_2tier,0.4708350958355595
Logistic,DSS,2026,HPV/P16_1,0.10867770504789372
Logistic,DSS,2026,HPV/P16_2,0.5904540180133517
Logistic,DSS,2026,CCRT_bin,0.18823144772743802
Logistic,DSS,2026,Node_known,0.10721277337230166
Logistic,DSS,2026,bone invasion_known,0.264817395572674
Logistic,DSS,2026,depth of bone invasion (mm)_known,0.9627815820248633
Logistic,DSS,2026,LN meta count_known,0.10721277337230166
Logistic,DSS,2026,contra_bilateral_known,0.10721277337230166
Logistic,DSS,2026,largest node (mm)_known,0.14344779498177176
Logistic,DSS,2026,LN tumor size (mm)_known,0.14344779498177176
Logistic,DSS,2026,ENE_known,0.14344779498177176
Logistic,DSS,2026,N stage_known,0.1048796960144256
Logistic,DSS,2026,subsite_2,0.3984181437400659
Logistic,DSS,2026,subsite_3,0.39103247253167855
Logistic,DSS,2026,subsite_4,0.26153700341540925
Logistic,DSS,2026,subsite_5,0.22699980850809034
Logistic,DSS,2026,subsite_6,0.2192854471884563
Logistic,DSS,2026,subsite_7,0.7774863200450104
Logistic,DSS,2026,subsite_8,0.16480536967271028
Logistic,DSS,2026,Tx_3tier_1,0.17912421137709975
Logistic,DSS,2026,Tx_3tier_2,0.347634640207595
Logistic,DSS,777,age,0.35396871199921753
Logistic,DSS,777,성별,0.3148342129948047
Logistic,DSS,777,tumor size (cm),0.8187741015192774
Logistic,DSS,777,DOI (mm),1.0099578692758155
Logistic,DSS,777,differentiation,0.51528700472301
Logistic,DSS,777,budding_01vs23,0.29819674044185335
Logistic,DSS,777,PNI,0.4486319172781936
Logistic,DSS,777,LVI,0.5479793901225248
Logistic,DSS,777,RM,0.4335507168903387
Logistic,DSS,777,TIL,0.34728272239589264
Logistic,DSS,777,TSR,0.5576748046824622
Logistic,DSS,777,WPOI5_2tier,0.350989936844149
Logistic,DSS,777,HPV/P16_1,0.1075882045434686
Logistic,DSS,777,HPV/P16_2,0.8637178026629785
Logistic,DSS,777,CCRT_bin,0.38396225317705096
Logistic,DSS,777,Node_known,0.09989564720479263
Logistic,DSS,777,bone invasion_known,0.23533597865294453
Logistic,DSS,777,depth of bone invasion (mm)_known,0.8864209176015493
Logistic,DSS,777,LN meta count_known,0.09989564720479263
Logistic,DSS,777,contra_bilateral_known,0.09989564720479263
Logistic,DSS,777,largest node (mm)_known,0.22837160691704866
Logistic,DSS,777,LN tumor size (mm)_known,0.22837160691704866
Logistic,DSS,777,ENE_known,0.22837160691704866
Logistic,DSS,777,N stage_known,0.18994195281330076
Logistic,DSS,777,subsite_2,0.3159182363990546
Logistic,DSS,777,subsite_3,0.45105751810846356
Logistic,DSS,777,subsite_4,0.41508550331756605
Logistic,DSS,777,subsite_5,0.1666755853141167
Logistic,DSS,777,subsite_6,0.2244458926989577
Logistic,DSS,777,subsite_7,0.8032412468340026
Logistic,DSS,777,subsite_8,0.16838280519710597
Logistic,DSS,777,Tx_3tier_1,0.32810278398427173
Logistic,DSS,777,Tx_3tier_2,0.295280542538612
Lasso,DSS,42,age,0.01939012194272994
Lasso,DSS,42,성별,0.008651852241712082
Lasso,DSS,42,tumor size (cm),0.07602816802451003
Lasso,DSS,42,DOI (mm),0.05819302699377608
Lasso,DSS,42,differentiation,0.0671934405093089
Lasso,DSS,42,budding_01vs23,0.03846273806489746
Lasso,DSS,42,PNI,0.012293580528684553
Lasso,DSS,42,LVI,0.035278385811980006
Lasso,DSS,42,RM,0.019541422630882783
Lasso,DSS,42,TIL,0.01340497098659085
Lasso,DSS,42,TSR,0.08202682737390496
Lasso,DSS,42,WPOI5_2tier,0.011970688671531515
Lasso,DSS,42,HPV/P16_1,0.001257587234446235
Lasso,DSS,42,HPV/P16_2,0.07022797336777492
Lasso,DSS,42,CCRT_bin,0.006552987981650419
Lasso,DSS,42,Node_known,0.026662357279590553
Lasso,DSS,42,bone invasion_known,0.012796258014209047
Lasso,DSS,42,depth of bone invasion (mm)_known,0.09009523297657865
Lasso,DSS,42,LN meta count_known,0.008009111938407965
Lasso,DSS,42,contra_bilateral_known,2.2204460492503098e-17
Lasso,DSS,42,largest node (mm)_known,0.06827938811603092
Lasso,DSS,42,LN tumor size (mm)_known,3.28626015289046e-16
Lasso,DSS,42,ENE_known,2.6645352591003734e-18
Lasso,DSS,42,N stage_known,0.029176416845342897
Lasso,DSS,42,subsite_2,0.016295015935388048
Lasso,DSS,42,subsite_3,0.02496341575026685
Lasso,DSS,42,subsite_4,0.03204718704150105
Lasso,DSS,42,subsite_5,0.0275774670633959
Lasso,DSS,42,subsite_6,0.02487813602842092
Lasso,DSS,42,subsite_7,0.08406483582938935
Lasso,DSS,42,subsite_8,0.012460360580484189
Lasso,DSS,42,Tx_3tier_1,0.008397338443182929
Lasso,DSS,42,Tx_3tier_2,0.0
Lasso,DSS,123,age,0.006976692668843281
Lasso,DSS,123,성별,0.03053131926927403
Lasso,DSS,123,tumor size (cm),0.10379176680932216
Lasso,DSS,123,DOI (mm),0.09888054629708885
Lasso,DSS,123,differentiation,0.04088679105919017
Lasso,DSS,123,budding_01vs23,0.02544698652194089
Lasso,DSS,123,PNI,0.016817180465124988
Lasso,DSS,123,LVI,0.01612905230873774
Lasso,DSS,123,RM,0.032502419695670026
Lasso,DSS,123,TIL,0.014655775289408405
Lasso,DSS,123,TSR,0.05575373602249169
Lasso,DSS,123,WPOI5_2tier,0.019271316780645854
Lasso,DSS,123,HPV/P16_1,0.0
Lasso,DSS,123,HPV/P16_2,0.04419855659448517
Lasso,DSS,123,CCRT_bin,0.02969413833674751
Lasso,DSS,123,Node_known,0.009427086598506707
Lasso,DSS,123,bone invasion_known,0.0996524584735485
Lasso,DSS,123,depth of bone invasion (mm)_known,0.14706011035971644
Lasso,DSS,123,LN meta count_known,0.005469801352621338
Lasso,DSS,123,contra_bilateral_known,0.0
Lasso,DSS,123,largest node (mm)_known,0.041267800904226
Lasso,DSS,123,LN tumor size (mm)_known,2.6645352591003758e-18
Lasso,DSS,123,ENE_known,0.0
Lasso,DSS,123,N stage_known,0.012727905650017846
Lasso,DSS,123,subsite_2,0.007078670318993055
Lasso,DSS,123,subsite_3,0.0037947884367672026
Lasso,DSS,123,subsite_4,0.025308817404240534
Lasso,DSS,123,subsite_5,0.020244326843062488
Lasso,DSS,123,subsite_6,0.01638167033391518
Lasso,DSS,123,subsite_7,0.03948683440875114
Lasso,DSS,123,subsite_8,0.014686125027299901
Lasso,DSS,123,Tx_3tier_1,0.01919426481216093
Lasso,DSS,123,Tx_3tier_2,0.007291704680694583
Lasso,DSS,2026,age,0.01601659852389877
Lasso,DSS,2026,성별,0.030611520092748916
Lasso,DSS,2026,tumor size (cm),0.0622858465443657
Lasso,DSS,2026,DOI (mm),0.08382504790230935
Lasso,DSS,2026,differentiation,0.05607728259848689
Lasso,DSS,2026,budding_01vs23,0.043418625375023945
Lasso,DSS,2026,PNI,0.03578100622940315
Lasso,DSS,2026,LVI,0.051492776371870205
Lasso,DSS,2026,RM,0.016188552559534938
Lasso,DSS,2026,TIL,0.01351953126108811
Lasso,DSS,2026,TSR,0.06543909921082917
Lasso,DSS,2026,WPOI5_2tier,0.04538158044113001
Lasso,DSS,2026,HPV/P16_1,0.015594340499323534
Lasso,DSS,2026,HPV/P16_2,0.045254600996119894
Lasso,DSS,2026,CCRT_bin,0.009281767372055055
Lasso,DSS,2026,Node_known,0.02134287171943832
Lasso,DSS,2026,bone invasion_known,0.003740322645331095
Lasso,DSS,2026,depth of bone invasion (mm)_known,0.0666722698430974
Lasso,DSS,2026,LN meta count_known,0.004163075222341317
Lasso,DSS,2026,contra_bilateral_known,6.6613381477509405e-18
Lasso,DSS,2026,largest node (mm)_known,0.04149339235453632
Lasso,DSS,2026,LN tumor size (mm)_known,2.970956813896915e-16
Lasso,DSS,2026,ENE_known,0.0
Lasso,DSS,2026,N stage_known,0.000524377900909406
Lasso,DSS,2026,subsite_2,0.010302990264278986
Lasso,DSS,2026,subsite_3,0.013321692617654007
Lasso,DSS,2026,subsite_4,0.011884851196993836
Lasso,DSS,2026,subsite_5,0.030558048264434246
Lasso,DSS,2026,subsite_6,0.012124680837784247
Lasso,DSS,2026,subsite_7,0.061251503573900315
Lasso,DSS,2026,subsite_8,0.024762045162687964
Lasso,DSS,2026,Tx_3tier_1,0.013396816571726988
Lasso,DSS,2026,Tx_3tier_2,0.022366848895751155
Lasso,DSS,777,age,0.015322554633365936
Lasso,DSS,777,성별,0.023818529870925333
Lasso,DSS,777,tumor size (cm),0.09298892077365253
Lasso,DSS,777,DOI (mm),0.08915013986111432
Lasso,DSS,777,differentiation,0.03681165366169054
Lasso,DSS,777,budding_01vs23,0.02668861623537331
Lasso,DSS,777,PNI,0.023499560553449875
Lasso,DSS,777,LVI,0.0416602542879864
Lasso,DSS,777,RM,0.04409616340670231
Lasso,DSS,777,TIL,0.012768147637165795
Lasso,DSS,777,TSR,0.060843282555493136
Lasso,DSS,777,WPOI5_2tier,0.023266633230614987
Lasso,DSS,777,HPV/P16_1,0.0023880290573882615
Lasso,DSS,777,HPV/P16_2,0.073132093293009
Lasso,DSS,777,CCRT_bin,0.02385456804412763
Lasso,DSS,777,Node_known,0.0019919471539513326
Lasso,DSS,777,bone invasion_known,0.011166022843716008
Lasso,DSS,777,depth of bone invasion (mm)_known,0.07039060599617795
Lasso,DSS,777,LN meta count_known,0.00595119995496639
Lasso,DSS,777,contra_bilateral_known,3.8191672047105326e-17
Lasso,DSS,777,largest node (mm)_known,0.05176549565726444
Lasso,DSS,777,LN tumor size (mm)_known,0.0
Lasso,DSS,777,ENE_known,0.0
Lasso,DSS,777,N stage_known,0.03789593233504267
Lasso,DSS,777,subsite_2,0.008406382472568651
Lasso,DSS,777,subsite_3,0.032712240256977464
Lasso,DSS,777,subsite_4,0.010350916213099824
Lasso,DSS,777,subsite_5,0.011670401315624288
Lasso,DSS,777,subsite_6,0.013260916538862983
Lasso,DSS,777,subsite_7,0.04319271444982845
Lasso,DSS,777,subsite_8,0.014816159514240767
Lasso,DSS,777,Tx_3tier_1,0.035612912126659284
Lasso,DSS,777,Tx_3tier_2,0.016334932211888198
DecisionTree,DSS,42,age,0.05948976438477007
DecisionTree,DSS,42,성별,0.0
DecisionTree,DSS,42,tumor size (cm),0.2707071768226851
DecisionTree,DSS,42,DOI (mm),0.3710184396406192
DecisionTree,DSS,42,differentiation,0.055025011368804
DecisionTree,DSS,42,budding_01vs23,0.0
DecisionTree,DSS,42,PNI,0.0
DecisionTree,DSS,42,LVI,0.0
DecisionTree,DSS,42,RM,0.0
DecisionTree,DSS,42,TIL,0.0859824995977894
DecisionTree,DSS,42,TSR,0.0
DecisionTree,DSS,42,WPOI5_2tier,0.0
DecisionTree,DSS,42,HPV/P16_1,0.0
DecisionTree,DSS,42,HPV/P16_2,0.03502308798697547
DecisionTree,DSS,42,CCRT_bin,0.0
DecisionTree,DSS,42,Node_known,0.0
DecisionTree,DSS,42,bone invasion_known,0.038080272262382864
DecisionTree,DSS,42,depth of bone invasion (mm)_known,0.0
DecisionTree,DSS,42,LN meta count_known,0.0
DecisionTree,DSS,42,contra_bilateral_known,0.0
DecisionTree,DSS,42,largest node (mm)_known,0.0093880972338642
DecisionTree,DSS,42,LN tumor size (mm)_known,0.07528565070210973
DecisionTree,DSS,42,ENE_known,0.0
DecisionTree,DSS,42,N stage_known,0.0
DecisionTree,DSS,42,subsite_2,0.0
DecisionTree,DSS,42,subsite_3,0.0
DecisionTree,DSS,42,subsite_4,0.0
DecisionTree,DSS,42,subsite_5,0.0
DecisionTree,DSS,42,subsite_6,0.0
DecisionTree,DSS,42,subsite_7,0.0
DecisionTree,DSS,42,subsite_8,0.0
DecisionTree,DSS,42,Tx_3tier_1,0.0
DecisionTree,DSS,42,Tx_3tier_2,0.0
DecisionTree,DSS,123,age,0.047908543056143595
DecisionTree,DSS,123,성별,0.03469050707125888
DecisionTree,DSS,123,tumor size (cm),0.37488384029951394
DecisionTree,DSS,123,DOI (mm),0.29910383968063287
DecisionTree,DSS,123,differentiation,0.015855697903217413
DecisionTree,DSS,123,budding_01vs23,0.0
DecisionTree,DSS,123,PNI,0.0
DecisionTree,DSS,123,LVI,0.0
DecisionTree,DSS,123,RM,0.0
DecisionTree,DSS,123,TIL,0.04347997893609512
DecisionTree,DSS,123,TSR,0.04397431438581016
DecisionTree,DSS,123,WPOI5_2tier,0.0
DecisionTree,DSS,123,HPV/P16_1,0.0
DecisionTree,DSS,123,HPV/P16_2,0.0
DecisionTree,DSS,123,CCRT_bin,0.0
DecisionTree,DSS,123,Node_known,0.0
DecisionTree,DSS,123,bone invasion_known,0.036609699901665946
DecisionTree,DSS,123,depth of bone invasion (mm)_known,0.027470733055318275
DecisionTree,DSS,123,LN meta count_known,0.0
DecisionTree,DSS,123,contra_bilateral_known,0.0
DecisionTree,DSS,123,largest node (mm)_known,0.0
DecisionTree,DSS,123,LN tumor size (mm)_known,0.07006424404856354
DecisionTree,DSS,123,ENE_known,0.0
DecisionTree,DSS,123,N stage_known,0.0
DecisionTree,DSS,123,subsite_2,0.0
DecisionTree,DSS,123,subsite_3,0.0
DecisionTree,DSS,123,subsite_4,0.0
DecisionTree,DSS,123,subsite_5,0.0
DecisionTree,DSS,123,subsite_6,0.0028228565842213413
DecisionTree,DSS,123,subsite_7,0.0
DecisionTree,DSS,123,subsite_8,0.0
DecisionTree,DSS,123,Tx_3tier_1,0.003135745077558877
DecisionTree,DSS,123,Tx_3tier_2,0.0
DecisionTree,DSS,2026,age,0.14331990307429254
DecisionTree,DSS,2026,성별,0.01019523882346944
DecisionTree,DSS,2026,tumor size (cm),0.16408152869908194
DecisionTree,DSS,2026,DOI (mm),0.3338164046770846
DecisionTree,DSS,2026,differentiation,0.1515629927651776
DecisionTree,DSS,2026,budding_01vs23,0.014498865393497606
DecisionTree,DSS,2026,PNI,0.0
DecisionTree,DSS,2026,LVI,0.0
DecisionTree,DSS,2026,RM,0.0
DecisionTree,DSS,2026,TIL,0.022967972438433078
DecisionTree,DSS,2026,TSR,0.0
DecisionTree,DSS,2026,WPOI5_2tier,0.047734302680002706
DecisionTree,DSS,2026,HPV/P16_1,0.0
DecisionTree,DSS,2026,HPV/P16_2,0.0
DecisionTree,DSS,2026,CCRT_bin,0.06374657637473342
DecisionTree,DSS,2026,Node_known,0.0
DecisionTree,DSS,2026,bone invasion_known,0.0
DecisionTree,DSS,2026,depth of bone invasion (mm)_known,0.01737824799455019
DecisionTree,DSS,2026,LN meta count_known,0.0
DecisionTree,DSS,2026,contra_bilateral_known,0.0
DecisionTree,DSS,2026,largest node (mm)_known,0.0
DecisionTree,DSS,2026,LN tumor size (mm)_known,0.028716589352772225
DecisionTree,DSS,2026,ENE_known,0.0
DecisionTree,DSS,2026,N stage_known,0.0
DecisionTree,DSS,2026,subsite_2,0.0
DecisionTree,DSS,2026,subsite_3,0.0
DecisionTree,DSS,2026,subsite_4,0.0
DecisionTree,DSS,2026,subsite_5,0.0
DecisionTree,DSS,2026,subsite_6,0.0
DecisionTree,DSS,2026,subsite_7,0.001981377726904582
DecisionTree,DSS,2026,subsite_8,0.0
DecisionTree,DSS,2026,Tx_3tier_1,0.0
DecisionTree,DSS,2026,Tx_3tier_2,0.0
DecisionTree,DSS,777,age,0.07271120358972563
DecisionTree,DSS,777,성별,0.04306270970180993
DecisionTree,DSS,777,tumor size (cm),0.33328472630319805
DecisionTree,DSS,777,DOI (mm),0.25845299268689936
DecisionTree,DSS,777,differentiation,0.002880256022757587
DecisionTree,DSS,777,budding_01vs23,0.0
DecisionTree,DSS,777,PNI,0.05755412096116166
DecisionTree,DSS,777,LVI,0.00897598284210463
DecisionTree,DSS,777,RM,0.0
DecisionTree,DSS,777,TIL,0.03265081620287697
DecisionTree,DSS,777,TSR,0.0
DecisionTree,DSS,777,WPOI5_2tier,0.0
DecisionTree,DSS,777,HPV/P16_1,0.0
DecisionTree,DSS,777,HPV/P16_2,0.0892544473223736
DecisionTree,DSS,777,CCRT_bin,0.0
DecisionTree,DSS,777,Node_known,0.0
DecisionTree,DSS,777,bone invasion_known,0.0
DecisionTree,DSS,777,depth of bone invasion (mm)_known,0.005764814773298655
DecisionTree,DSS,777,LN meta count_known,0.0
DecisionTree,DSS,777,contra_bilateral_known,0.0
DecisionTree,DSS,777,largest node (mm)_known,0.03069721990114575
DecisionTree,DSS,777,LN tumor size (mm)_known,0.020840224942110484
DecisionTree,DSS,777,ENE_known,0.0
DecisionTree,DSS,777,N stage_known,0.0
DecisionTree,DSS,777,subsite_2,0.0
DecisionTree,DSS,777,subsite_3,0.0
DecisionTree,DSS,777,subsite_4,0.0
DecisionTree,DSS,777,subsite_5,0.0
DecisionTree,DSS,777,subsite_6,0.0
DecisionTree,DSS,777,subsite_7,0.008412525315469708
DecisionTree,DSS,777,subsite_8,0.0
DecisionTree,DSS,777,Tx_3tier_1,0.030017365418010415
DecisionTree,DSS,777,Tx_3tier_2,0.00544059401705751
Logistic,LRRFS,42,age,0.5912070768952578
Logistic,LRRFS,42,성별,0.29902226886910094
Logistic,LRRFS,42,tumor size (cm),0.5959467271032362
Logistic,LRRFS,42,DOI (mm),0.3018968259511209
Logistic,LRRFS,42,differentiation,0.4673409892331365
Logistic,LRRFS,42,budding_01vs23,0.25951672739064746
Logistic,LRRFS,42,PNI,0.7063435553486233
Logistic,LRRFS,42,LVI,0.3740333451861411
Logistic,LRRFS,42,RM,0.30151852368908444
Logistic,LRRFS,42,TIL,0.7231065822319133
Logistic,LRRFS,42,TSR,0.575033021527249
Logistic,LRRFS,42,WPOI5_2tier,0.24382638833053188
Logistic,LRRFS,42,HPV/P16_1,0.05441413500059211
Logistic,LRRFS,42,HPV/P16_2,0.37269801250609025
Logistic,LRRFS,42,CCRT_bin,0.27307735760924945
Logistic,LRRFS,42,Node_known,0.06364921742107299
Logistic,LRRFS,42,bone invasion_known,0.5774835150322603
Logistic,LRRFS,42,depth of bone invasion (mm)_known,0.3859281454989482
Logistic,LRRFS,42,LN meta count_known,0.06364921742107299
Logistic,LRRFS,42,contra_bilateral_known,0.06364921742107299
Logistic,LRRFS,42,largest node (mm)_known,0.2936167710390105
Logistic,LRRFS,42,LN tumor size (mm)_known,0.2936167710390105
Logistic,LRRFS,42,ENE_known,0.2936167710390105
Logistic,LRRFS,42,N stage_known,0.11720152026846306
Logistic,LRRFS,42,subsite_2,0.228356797057593
Logistic,LRRFS,42,subsite_3,0.3735650122861892
Logistic,LRRFS,42,subsite_4,0.4406861056914525
Logistic,LRRFS,42,subsite_5,0.5477447787349512
Logistic,LRRFS,42,subsite_6,0.3871043938473133
Logistic,LRRFS,42,subsite_7,0.9170555467685768
Logistic,LRRFS,42,subsite_8,0.3874283706991618
Logistic,LRRFS,42,Tx_3tier_1,0.17861258245747427
Logistic,LRRFS,42,Tx_3tier_2,0.24502064817329008
Logistic,LRRFS,123,age,0.3358813607073635
Logistic,LRRFS,123,성별,0.48290315305289144
Logistic,LRRFS,123,tumor size (cm),0.3701388683262456
Logistic,LRRFS,123,DOI (mm),0.4548487783417399
Logistic,LRRFS,123,differentiation,0.14391948872789465
Logistic,LRRFS,123,budding_01vs23,0.27379611814377347
Logistic,LRRFS,123,PNI,0.5655854376607533
Logistic,LRRFS,123,LVI,0.579169321893318
Logistic,LRRFS,123,RM,0.6582338372779934
Logistic,LRRFS,123,TIL,0.14412581293455512
Logistic,LRRFS,123,TSR,0.5367777423570532
Logistic,LRRFS,123,WPOI5_2tier,0.46240782358605
Logistic,LRRFS,123,HPV/P16_1,0.07267258298710097
Logistic,LRRFS,123,HPV/P16_2,0.5384284166398783
Logistic,LRRFS,123,CCRT_bin,0.28371754166187124
Logistic,LRRFS,123,Node_known,0.08546076126231757
Logistic,LRRFS,123,bone invasion_known,0.20711078424880514
Logistic,LRRFS,123,depth of bone invasion (mm)_known,0.354062810782628
Logistic,LRRFS,123,LN meta count_known,0.08546076126231757
Logistic,LRRFS,123,contra_bilateral_known,0.08546076126231757
Logistic,LRRFS,123,largest node (mm)_known,0.23783904457649827
Logistic,LRRFS,123,LN tumor size (mm)_known,0.23783904457649827
Logistic,LRRFS,123,ENE_known,0.23783904457649827
Logistic,LRRFS,123,N stage_known,0.16405914394874746
Logistic,LRRFS,123,subsite_2,0.18952085382358025
Logistic,LRRFS,123,subsite_3,0.545646437190879
Logistic,LRRFS,123,subsite_4,0.26612185197351407
Logistic,LRRFS,123,subsite_5,0.7106870826950569
Logistic,LRRFS,123,subsite_6,0.9309951208848695
Logistic,LRRFS,123,subsite_7,0.7384776534801077
Logistic,LRRFS,123,subsite_8,0.599546507829603
Logistic,LRRFS,123,Tx_3tier_1,0.2011040973427111
Logistic,LRRFS,123,Tx_3tier_2,0.3008517995428234
Logistic,LRRFS,2026,age,0.4834557935126586
Logistic,LRRFS,2026,성별,0.3674773267235392
Logistic,LRRFS,2026,tumor size (cm),0.40059734642195177
Logistic,LRRFS,2026,DOI (mm),0.43969221537891146
Logistic,LRRFS,2026,differentiation,0.09328468410204548
Logistic,LRRFS,2026,budding_01vs23,0.5122655998403198
Logistic,LRRFS,2026,PNI,0.5906224583213497
Logistic,LRRFS,2026,LVI,0.49899961681622446
Logistic,LRRFS,2026,RM,0.7029429116629143
Logistic,LRRFS,2026,TIL,0.2661947096510092
Logistic,LRRFS,2026,TSR,0.6915010131847505
Logistic,LRRFS,2026,WPOI5_2tier,0.2875789312031762
Logistic,LRRFS,2026,HPV/P16_1,0.11584001256154537
Logistic,LRRFS,2026,HPV/P16_2,0.23215965056529547
Logistic,LRRFS,2026,CCRT_bin,0.42057125212360447
Logistic,LRRFS,2026,Node_known,0.12478109145708922
Logistic,LRRFS,2026,bone invasion_known,0.3701476394317335
Logistic,LRRFS,2026,depth of bone invasion (mm)_known,0.467164581530273
Logistic,LRRFS,2026,LN meta count_known,0.12478109145708922
Logistic,LRRFS,2026,contra_bilateral_known,0.12478109145708922
Logistic,LRRFS,2026,largest node (mm)_known,0.27905292368767104
Logistic,LRRFS,2026,LN tumor size (mm)_known,0.27905292368767104
Logistic,LRRFS,2026,ENE_known,0.27905292368767104
Logistic,LRRFS,2026,N stage_known,0.048199063535082035
Logistic,LRRFS,2026,subsite_2,0.23734587946576466
Logistic,LRRFS,2026,subsite_3,0.44781960175541746
Logistic,LRRFS,2026,subsite_4,0.39054384253099705
Logistic,LRRFS,2026,subsite_5,0.7021512538090695
Logistic,LRRFS,2026,subsite_6,0.44602473285017846
Logistic,LRRFS,2026,subsite_7,0.6233800361980012
Logistic,LRRFS,2026,subsite_8,0.357996767456746
Logistic,LRRFS,2026,Tx_3tier_1,0.2171113465607756
Logistic,LRRFS,2026,Tx_3tier_2,0.4699102948184667
Logistic,LRRFS,777,age,0.6449613415011751
Logistic,LRRFS,777,성별,0.6678515854984841
Logistic,LRRFS,777,tumor size (cm),0.4781487250630517
Logistic,LRRFS,777,DOI (mm),0.4201936540203353
Logistic,LRRFS,777,differentiation,0.40056446279114216
Logistic,LRRFS,777,budding_01vs23,0.2556217741956788
Logistic,LRRFS,777,PNI,0.2931536097177704
Logistic,LRRFS,777,LVI,0.31274902399726534
Logistic,LRRFS,777,RM,0.530707574705858
Logistic,LRRFS,777,TIL,0.4530758459701153
Logistic,LRRFS,777,TSR,0.463246147653091
Logistic,LRRFS,777,WPOI5_2tier,0.2402003184947848
Logistic,LRRFS,777,HPV/P16_1,0.035751051673330835
Logistic,LRRFS,777,HPV/P16_2,0.4899232598843882
Logistic,LRRFS,777,CCRT_bin,0.18169511221362905
Logistic,LRRFS,777,Node_known,0.10537976453523674
Logistic,LRRFS,777,bone invasion_known,0.21582033079953641
Logistic,LRRFS,777,depth of bone invasion (mm)_known,0.5609608056649388
Logistic,LRRFS,777,LN meta count_known,0.10537976453523674
Logistic,LRRFS,777,contra_bilateral_known,0.10537976453523674
Logistic,LRRFS,777,largest node (mm)_known,0.05843030461476156
Logistic,LRRFS,777,LN tumor size (mm)_known,0.05843030461476156
Logistic,LRRFS,777,ENE_known,0.05843030461476156
Logistic,LRRFS,777,N stage_known,0.0138596482303792
Logistic,LRRFS,777,subsite_2,0.11525548731281358
Logistic,LRRFS,777,subsite_3,0.339729512503638
Logistic,LRRFS,777,subsite_4,0.6260536387348002
Logistic,LRRFS,777,subsite_5,0.4792955769222348
Logistic,LRRFS,777,subsite_6,0.5230495183272093
Logistic,LRRFS,777,subsite_7,0.344624634699387
Logistic,LRRFS,777,subsite_8,0.5394720632658668
Logistic,LRRFS,777,Tx_3tier_1,0.2568383401112785
Logistic,LRRFS,777,Tx_3tier_2,0.5617307809048628
Lasso,LRRFS,42,age,0.05477388636373792
Lasso,LRRFS,42,성별,0.03423582385931908
Lasso,LRRFS,42,tumor size (cm),0.06692337415002614
Lasso,LRRFS,42,DOI (mm),0.004441323238704054
Lasso,LRRFS,42,differentiation,0.05016761726071954
Lasso,LRRFS,42,budding_01vs23,0.02755531001501273
Lasso,LRRFS,42,PNI,0.08211666266105395
Lasso,LRRFS,42,LVI,0.03850543938031264
Lasso,LRRFS,42,RM,0.028230958275497098
Lasso,LRRFS,42,TIL,0.0751796025744039
Lasso,LRRFS,42,TSR,0.057275357635254806
Lasso,LRRFS,42,WPOI5_2tier,0.019267316056191627
Lasso,LRRFS,42,HPV/P16_1,0.0016355323121207046
Lasso,LRRFS,42,HPV/P16_2,0.025255606030421374
Lasso,LRRFS,42,CCRT_bin,0.034647947702398076
Lasso,LRRFS,42,Node_known,0.0039742246594893105
Lasso,LRRFS,42,bone invasion_known,0.04905920300360041
Lasso,LRRFS,42,depth of bone invasion (mm)_known,0.05489568686744055
Lasso,LRRFS,42,LN meta count_known,0.000731362673295124
Lasso,LRRFS,42,contra_bilateral_known,2.6645352591003696e-18
Lasso,LRRFS,42,largest node (mm)_known,0.11033548038631269
Lasso,LRRFS,42,LN tumor size (mm)_known,6.2172489379008744e-18
Lasso,LRRFS,42,ENE_known,0.0
Lasso,LRRFS,42,N stage_known,0.02627606197779963
Lasso,LRRFS,42,subsite_2,0.004613263876176153
Lasso,LRRFS,42,subsite_3,0.021132237378170753
Lasso,LRRFS,42,subsite_4,0.02715460540163276
Lasso,LRRFS,42,subsite_5,0.061111302165152814
Lasso,LRRFS,42,subsite_6,0.041053244110357226
Lasso,LRRFS,42,subsite_7,0.09192689430564405
Lasso,LRRFS,42,subsite_8,0.040970190753988125
Lasso,LRRFS,42,Tx_3tier_1,0.018063239098367084
Lasso,LRRFS,42,Tx_3tier_2,0.013798842941193162
Lasso,LRRFS,123,age,0.027989469931889048
Lasso,LRRFS,123,성별,0.05889240763056869
Lasso,LRRFS,123,tumor size (cm),0.02346466292507799
Lasso,LRRFS,123,DOI (mm),0.04766024155973129
Lasso,LRRFS,123,differentiation,0.00560758434459552
Lasso,LRRFS,123,budding_01vs23,0.022935288480025656
Lasso,LRRFS,123,PNI,0.06343909204790611
Lasso,LRRFS,123,LVI,0.04287191053528607
Lasso,LRRFS,123,RM,0.07333794323984544
Lasso,LRRFS,123,TIL,0.007220219250346093
Lasso,LRRFS,123,TSR,0.060147669006988445
Lasso,LRRFS,123,WPOI5_2tier,0.04387763874122581
Lasso,LRRFS,123,HPV/P16_1,0.00317732069450274
Lasso,LRRFS,123,HPV/P16_2,0.07405940872661043
Lasso,LRRFS,123,CCRT_bin,0.04625232894615572
Lasso,LRRFS,123,Node_known,0.021520705973956767
Lasso,LRRFS,123,bone invasion_known,0.01892206330638516
Lasso,LRRFS,123,depth of bone invasion (mm)_known,0.028441905118075712
Lasso,LRRFS,123,LN meta count_known,0.004595824302808508
Lasso,LRRFS,123,contra_bilateral_known,3.6415315207705105e-17
Lasso,LRRFS,123,largest node (mm)_known,0.08513240749936105
Lasso,LRRFS,123,LN tumor size (mm)_known,1.9229062786507716e-16
Lasso,LRRFS,123,ENE_known,2.2204460492503127e-18
Lasso,LRRFS,123,N stage_known,0.01617593120703833
Lasso,LRRFS,123,subsite_2,0.015634784661536217
Lasso,LRRFS,123,subsite_3,0.04664114123827982
Lasso,LRRFS,123,subsite_4,0.01248814498964899
Lasso,LRRFS,123,subsite_5,0.1026116610318016
Lasso,LRRFS,123,subsite_6,0.10048360613244048
Lasso,LRRFS,123,subsite_7,0.0699022674958421
Lasso,LRRFS,123,subsite_8,0.06999390021171707
Lasso,LRRFS,123,Tx_3tier_1,0.00775273135848821
Lasso,LRRFS,123,Tx_3tier_2,0.023635766548295023
Lasso,LRRFS,2026,age,0.0338883655187775
Lasso,LRRFS,2026,성별,0.034422372145168204
Lasso,LRRFS,2026,tumor size (cm),0.03447598109863946
Lasso,LRRFS,2026,DOI (mm),0.03862199623297201
Lasso,LRRFS,2026,differentiation,0.012627871410344549
Lasso,LRRFS,2026,budding_01vs23,0.051179541197324666
Lasso,LRRFS,2026,PNI,0.05479462948778395
Lasso,LRRFS,2026,LVI,0.06564510389536904
Lasso,LRRFS,2026,RM,0.08105384412790831
Lasso,LRRFS,2026,TIL,0.030760812723203725
Lasso,LRRFS,2026,TSR,0.06137843518062518
Lasso,LRRFS,2026,WPOI5_2tier,0.03173647952395828
Lasso,LRRFS,2026,HPV/P16_1,0.005256711520574567
Lasso,LRRFS,2026,HPV/P16_2,0.023972561862745146
Lasso,LRRFS,2026,CCRT_bin,0.037499563466287474
Lasso,LRRFS,2026,Node_known,0.020059217848122972
Lasso,LRRFS,2026,bone invasion_known,0.02104274694786052
Lasso,LRRFS,2026,depth of bone invasion (mm)_known,0.06917861612693449
Lasso,LRRFS,2026,LN meta count_known,0.0005940272506101111
Lasso,LRRFS,2026,contra_bilateral_known,1.3766765505351936e-17
Lasso,LRRFS,2026,largest node (mm)_known,0.08808984169254234
Lasso,LRRFS,2026,LN tumor size (mm)_known,1.1723955140041656e-16
Lasso,LRRFS,2026,ENE_known,0.0
Lasso,LRRFS,2026,N stage_known,0.0
Lasso,LRRFS,2026,subsite_2,0.009181634628502683
Lasso,LRRFS,2026,subsite_3,0.03431272425079255
Lasso,LRRFS,2026,subsite_4,0.04365497278299149
Lasso,LRRFS,2026,subsite_5,0.09020534827653831
Lasso,LRRFS,2026,subsite_6,0.030998634299078943
Lasso,LRRFS,2026,subsite_7,0.048906733185480736
Lasso,LRRFS,2026,subsite_8,0.039297277022102596
Lasso,LRRFS,2026,Tx_3tier_1,0.017896020604073005
Lasso,LRRFS,2026,Tx_3tier_2,0.04420518897417906
Lasso,LRRFS,777,age,0.060356718643704246
Lasso,LRRFS,777,성별,0.08028101913358791
Lasso,LRRFS,777,tumor size (cm),0.043364755257075914
Lasso,LRRFS,777,DOI (mm),0.022248443006655204
Lasso,LRRFS,777,differentiation,0.04148894204643873
Lasso,LRRFS,777,budding_01vs23,0.02698876890888726
Lasso,LRRFS,777,PNI,0.0434247840743688
Lasso,LRRFS,777,LVI,0.023068893454548836
Lasso,LRRFS,777,RM,0.04089570960856724
Lasso,LRRFS,777,TIL,0.031228998224346226
Lasso,LRRFS,777,TSR,0.04605480444708152
Lasso,LRRFS,777,WPOI5_2tier,0.017894283897979275
Lasso,LRRFS,777,HPV/P16_1,0.0
Lasso,LRRFS,777,HPV/P16_2,0.054014799692161865
Lasso,LRRFS,777,CCRT_bin,0.014801917028252736
Lasso,LRRFS,777,Node_known,0.010550771250595623
Lasso,LRRFS,777,bone invasion_known,0.00931499899423108
Lasso,LRRFS,777,depth of bone invasion (mm)_known,0.05571980440758149
Lasso,LRRFS,777,LN meta count_known,0.00025967071950485537
Lasso,LRRFS,777,contra_bilateral_known,4.440892098500616e-19
Lasso,LRRFS,777,largest node (mm)_known,0.02887643058397829
Lasso,LRRFS,777,LN tumor size (mm)_known,4.8849813083506885e-18
Lasso,LRRFS,777,ENE_known,2.664535259100375e-18
Lasso,LRRFS,777,N stage_known,0.00010156496442925426
Lasso,LRRFS,777,subsite_2,0.005208672929421898
Lasso,LRRFS,777,subsite_3,0.027347803640541197
Lasso,LRRFS,777,subsite_4,0.04945439658584402
Lasso,LRRFS,777,subsite_5,0.06551901609003584
Lasso,LRRFS,777,subsite_6,0.056750312716459694
Lasso,LRRFS,777,subsite_7,0.03217820622996511
Lasso,LRRFS,777,subsite_8,0.06521201935098261
Lasso,LRRFS,777,Tx_3tier_1,0.01310959295147437
Lasso,LRRFS,777,Tx_3tier_2,0.04557214560681684
DecisionTree,LRRFS,42,age,0.3701570484844047
DecisionTree,LRRFS,42,성별,0.0
DecisionTree,LRRFS,42,tumor size (cm),0.028847910981202735
DecisionTree,LRRFS,42,DOI (mm),0.08334362808925397
DecisionTree,LRRFS,42,differentiation,0.028618753213230978
DecisionTree,LRRFS,42,budding_01vs23,0.042439715132663855
DecisionTree,LRRFS,42,PNI,0.0
DecisionTree,LRRFS,42,LVI,0.0
DecisionTree,LRRFS,42,RM,0.0
DecisionTree,LRRFS,42,TIL,0.20612891056480237
DecisionTree,LRRFS,42,TSR,0.0
DecisionTree,LRRFS,42,WPOI5_2tier,0.0738820711795696
DecisionTree,LRRFS,42,HPV/P16_1,0.0
DecisionTree,LRRFS,42,HPV/P16_2,0.009711328104156652
DecisionTree,LRRFS,42,CCRT_bin,0.0
DecisionTree,LRRFS,42,Node_known,0.0
DecisionTree,LRRFS,42,bone invasion_known,0.0
DecisionTree,LRRFS,42,depth of bone invasion (mm)_known,0.0
DecisionTree,LRRFS,42,LN meta count_known,0.0
DecisionTree,LRRFS,42,contra_bilateral_known,0.0
DecisionTree,LRRFS,42,largest node (mm)_known,0.0
DecisionTree,LRRFS,42,LN tumor size (mm)_known,0.07706100520083325
DecisionTree,LRRFS,42,ENE_known,0.07980962904988191
DecisionTree,LRRFS,42,N stage_known,0.0
DecisionTree,LRRFS,42,subsite_2,0.0
DecisionTree,LRRFS,42,subsite_3,0.0
DecisionTree,LRRFS,42,subsite_4,0.0
DecisionTree,LRRFS,42,subsite_5,0.0
DecisionTree,LRRFS,42,subsite_6,0.0
DecisionTree,LRRFS,42,subsite_7,0.0
DecisionTree,LRRFS,42,subsite_8,0.0
DecisionTree,LRRFS,42,Tx_3tier_1,0.0
DecisionTree,LRRFS,42,Tx_3tier_2,0.0
DecisionTree,LRRFS,123,age,0.20301531153165236
DecisionTree,LRRFS,123,성별,0.017625990580670624
DecisionTree,LRRFS,123,tumor size (cm),0.13088318429209927
DecisionTree,LRRFS,123,DOI (mm),0.2522597272115859
DecisionTree,LRRFS,123,differentiation,0.010416353653483135
DecisionTree,LRRFS,123,budding_01vs23,0.0
DecisionTree,LRRFS,123,PNI,0.0
DecisionTree,LRRFS,123,LVI,0.0
DecisionTree,LRRFS,123,RM,0.0
DecisionTree,LRRFS,123,TIL,0.0733020314292874
DecisionTree,LRRFS,123,TSR,0.041160372309287666
DecisionTree,LRRFS,123,WPOI5_2tier,0.02047199317600227
DecisionTree,LRRFS,123,HPV/P16_1,0.0
DecisionTree,LRRFS,123,HPV/P16_2,0.058885118961469016
DecisionTree,LRRFS,123,CCRT_bin,0.007628161003847926
DecisionTree,LRRFS,123,Node_known,0.0
DecisionTree,LRRFS,123,bone invasion_known,0.0
DecisionTree,LRRFS,123,depth of bone invasion (mm)_known,0.0233315638434353
DecisionTree,LRRFS,123,LN meta count_known,0.0
DecisionTree,LRRFS,123,contra_bilateral_known,0.0
DecisionTree,LRRFS,123,largest node (mm)_known,0.04146058366810024
DecisionTree,LRRFS,123,LN tumor size (mm)_known,0.04132667365742557
DecisionTree,LRRFS,123,ENE_known,0.0
DecisionTree,LRRFS,123,N stage_known,0.0
DecisionTree,LRRFS,123,subsite_2,0.0
DecisionTree,LRRFS,123,subsite_3,0.035316100280778216
DecisionTree,LRRFS,123,subsite_4,0.005268139602320456
DecisionTree,LRRFS,123,subsite_5,0.0
DecisionTree,LRRFS,123,subsite_6,0.01740088744525972
DecisionTree,LRRFS,123,subsite_7,0.0
DecisionTree,LRRFS,123,subsite_8,0.0
DecisionTree,LRRFS,123,Tx_3tier_1,0.0
DecisionTree,LRRFS,123,Tx_3tier_2,0.020247807353294997
DecisionTree,LRRFS,2026,age,0.07548208758062158
DecisionTree,LRRFS,2026,성별,0.002709432210884147
DecisionTree,LRRFS,2026,tumor size (cm),0.13028030822483944
DecisionTree,LRRFS,2026,DOI (mm),0.36484770874929684
DecisionTree,LRRFS,2026,differentiation,0.0
DecisionTree,LRRFS,2026,budding_01vs23,0.0
DecisionTree,LRRFS,2026,PNI,0.039500013450243496
DecisionTree,LRRFS,2026,LVI,0.10349887247793346
DecisionTree,LRRFS,2026,RM,0.04707433834468487
DecisionTree,LRRFS,2026,TIL,0.062090302481283687
DecisionTree,LRRFS,2026,TSR,0.0
DecisionTree,LRRFS,2026,WPOI5_2tier,0.04314263214863254
DecisionTree,LRRFS,2026,HPV/P16_1,0.0
DecisionTree,LRRFS,2026,HPV/P16_2,0.0
DecisionTree,LRRFS,2026,CCRT_bin,0.03922353514928685
DecisionTree,LRRFS,2026,Node_known,0.0
DecisionTree,LRRFS,2026,bone invasion_known,0.03161284427880076
DecisionTree,LRRFS,2026,depth of bone invasion (mm)_known,0.0
DecisionTree,LRRFS,2026,LN meta count_known,0.0
DecisionTree,LRRFS,2026,contra_bilateral_known,0.0
DecisionTree,LRRFS,2026,largest node (mm)_known,0.0
DecisionTree,LRRFS,2026,LN tumor size (mm)_known,0.0
DecisionTree,LRRFS,2026,ENE_known,0.0
DecisionTree,LRRFS,2026,N stage_known,0.0
DecisionTree,LRRFS,2026,subsite_2,0.0356197743006016
DecisionTree,LRRFS,2026,subsite_3,0.0
DecisionTree,LRRFS,2026,subsite_4,0.0
DecisionTree,LRRFS,2026,subsite_5,0.0
DecisionTree,LRRFS,2026,subsite_6,0.0
DecisionTree,LRRFS,2026,subsite_7,0.0
DecisionTree,LRRFS,2026,subsite_8,0.0
DecisionTree,LRRFS,2026,Tx_3tier_1,0.0
DecisionTree,LRRFS,2026,Tx_3tier_2,0.024918150602890692
DecisionTree,LRRFS,777,age,0.24644682044222313
DecisionTree,LRRFS,777,성별,0.0
DecisionTree,LRRFS,777,tumor size (cm),0.21822613102422453
DecisionTree,LRRFS,777,DOI (mm),0.18883685469385533
DecisionTree,LRRFS,777,differentiation,0.0019453401059822278
DecisionTree,LRRFS,777,budding_01vs23,0.0011081939749984534
DecisionTree,LRRFS,777,PNI,0.08502427475329666
DecisionTree,LRRFS,777,LVI,0.0
DecisionTree,LRRFS,777,RM,0.0
DecisionTree,LRRFS,777,TIL,0.05023416436834262
DecisionTree,LRRFS,777,TSR,0.024231550130333977
DecisionTree,LRRFS,777,WPOI5_2tier,0.012443952569116793
DecisionTree,LRRFS,777,HPV/P16_1,0.0
DecisionTree,LRRFS,777,HPV/P16_2,0.0
DecisionTree,LRRFS,777,CCRT_bin,0.0
DecisionTree,LRRFS,777,Node_known,0.0
DecisionTree,LRRFS,777,bone invasion_known,0.0
DecisionTree,LRRFS,777,depth of bone invasion (mm)_known,0.0
DecisionTree,LRRFS,777,LN meta count_known,0.0
DecisionTree,LRRFS,777,contra_bilateral_known,0.0
DecisionTree,LRRFS,777,largest node (mm)_known,0.03617927758749469
DecisionTree,LRRFS,777,LN tumor size (mm)_known,0.0
DecisionTree,LRRFS,777,ENE_known,0.0345557247492641
DecisionTree,LRRFS,777,N stage_known,0.0
DecisionTree,LRRFS,777,subsite_2,0.0
DecisionTree,LRRFS,777,subsite_3,0.0
DecisionTree,LRRFS,777,subsite_4,0.0
DecisionTree,LRRFS,777,subsite_5,0.0
DecisionTree,LRRFS,777,subsite_6,0.0
DecisionTree,LRRFS,777,subsite_7,0.002736806307601731
DecisionTree,LRRFS,777,subsite_8,0.0
DecisionTree,LRRFS,777,Tx_3tier_1,0.0560279353114291
DecisionTree,LRRFS,777,Tx_3tier_2,0.0420029739818366
